{"stats":{"minecraft:crafted":{"minecraft:cooked_beef":47,"minecraft:oak_planks":36,"minecraft:crafting_table":4,"minecraft:spruce_planks":28,"minecraft:wooden_pickaxe":1,"minecraft:iron_helmet":2,"minecraft:iron_sword":1,"minecraft:furnace":10,"minecraft:stone_axe":3,"minecraft:cooked_mutton":20,"minecraft:air":0,"minecraft:iron_chestplate":2,"minecraft:iron_boots":2,"minecraft:iron_axe":2,"minecraft:stick":32,"minecraft:iron_ingot":99,"minecraft:iron_pickaxe":3,"minecraft:stone_pickaxe":3,"minecraft:stone_sword":1,"minecraft:iron_shovel":1,"minecraft:iron_leggings":2,"minecraft:white_bed":1,"minecraft:torch":8},"minecraft:killed_by":{"minecraft:skeleton":4,"minecraft:spider":1,"minecraft:zombie":1},"minecraft:used":{"minecraft:cooked_mutton":4,"minecraft:diorite":2,"minecraft:iron_shovel":1,"minecraft:stone_sword":29,"minecraft:stone_pickaxe":261,"minecraft:redstone":1,"minecraft:wooden_pickaxe":10,"minecraft:rotten_flesh":2,"minecraft:torch":22,"minecraft:dirt":17,"minecraft:mutton":9,"minecraft:crafting_table":8,"minecraft:white_bed":2,"minecraft:crossbow":1,"minecraft:granite":17,"minecraft:black_wool":1,"minecraft:iron_axe":2,"minecraft:bread":2,"minecraft:brown_wool":1,"minecraft:iron_pickaxe":515,"minecraft:gravel":5,"minecraft:stone_axe":112,"minecraft:cobblestone":153,"minecraft:beef":4,"minecraft:sweet_berries":12,"minecraft:furnace":10,"minecraft:porkchop":9,"minecraft:andesite":1,"minecraft:cooked_beef":3,"minecraft:gray_wool":1},"minecraft:dropped":{"minecraft:stone_axe":2,"minecraft:wheat_seeds":6,"minecraft:stone_sword":1,"minecraft:wheat":3,"minecraft:crossbow":1,"minecraft:cobblestone":126,"minecraft:light_gray_wool":1,"minecraft:iron_boots":1,"minecraft:rail":2,"minecraft:stick":1,"minecraft:potato":2,"minecraft:gray_wool":1,"minecraft:diorite":1,"minecraft:iron_chestplate":1,"minecraft:chest":1,"minecraft:stone_pickaxe":1,"minecraft:wooden_pickaxe":1,"minecraft:string":6,"minecraft:tripwire_hook":3},"minecraft:mined":{"minecraft:diamond_ore":9,"minecraft:white_bed":1,"minecraft:crafting_table":6,"minecraft:torch":7,"minecraft:granite":17,"minecraft:grass_block":4,"minecraft:chest":1,"minecraft:tall_grass":10,"minecraft:cobblestone":22,"minecraft:lapis_ore":9,"minecraft:diorite":4,"minecraft:wall_torch":11,"minecraft:furnace":6,"minecraft:iron_ore":116,"minecraft:spruce_log":7,"minecraft:andesite":2,"minecraft:grass":4,"minecraft:coal_ore":251,"minecraft:oak_log":9,"minecraft:dirt":24,"minecraft:stone":288,"minecraft:gold_ore":20,"minecraft:oak_leaves":4},"minecraft:picked_up":{"minecraft:iron_chestplate":3,"minecraft:crafting_table":7,"minecraft:wheat":3,"minecraft:cooked_beef":186,"minecraft:tripwire_hook":3,"minecraft:andesite":2,"minecraft:leather":99,"minecraft:brown_wool":1,"minecraft:potato":2,"minecraft:oak_log":36,"minecraft:gunpowder":14,"minecraft:lapis_lazuli":222,"minecraft:string":16,"minecraft:dirt":72,"minecraft:cooked_mutton":35,"minecraft:bone":6,"minecraft:wheat_seeds":6,"minecraft:spruce_planks":51,"minecraft:iron_ingot":3,"minecraft:beef":60,"minecraft:stone_pickaxe":2,"minecraft:iron_ore":188,"minecraft:iron_pickaxe":3,"minecraft:light_gray_wool":1,"minecraft:glass_bottle":3,"minecraft:chest":5,"minecraft:oak_planks":122,"minecraft:iron_boots":3,"minecraft:furnace":10,"minecraft:stick":10,"minecraft:sweet_berries":10,"minecraft:torch":41,"minecraft:gravel":5,"minecraft:porkchop":9,"minecraft:diorite":3,"minecraft:white_bed":1,"minecraft:spruce_log":7,"minecraft:gold_ore":42,"minecraft:redstone":13,"minecraft:dark_oak_log":8,"minecraft:spider_eye":15,"minecraft:stone_sword":3,"minecraft:arrow":20,"minecraft:rotten_flesh":14,"minecraft:diamond":9,"minecraft:stone_axe":4,"minecraft:crossbow":12,"minecraft:granite":71,"minecraft:gray_wool":2,"minecraft:black_wool":1,"minecraft:mutton":34,"minecraft:coal":807,"minecraft:white_wool":62,"minecraft:rail":2,"minecraft:cobblestone":816},"minecraft:broken":{"minecraft:stone_pickaxe":1,"minecraft:stone_axe":1,"minecraft:iron_pickaxe":1},"minecraft:killed":{"minecraft:cave_spider":1,"minecraft:pig":5,"minecraft:witch":1,"minecraft:spider":3,"minecraft:creeper":2,"minecraft:sheep":18,"minecraft:horse":1,"minecraft:skeleton":1,"minecraft:pillager":3,"minecraft:zombie":7,"minecraft:cow":25},"minecraft:custom":{"minecraft:interact_with_furnace":52,"minecraft:mob_kills":70,"minecraft:interact_with_crafting_table":24,"minecraft:play_one_minute":120438,"minecraft:leave_game":6,"minecraft:time_since_death":42289,"minecraft:sleep_in_bed":5,"minecraft:time_since_rest":42515,"minecraft:sprint_one_cm":149721,"minecraft:damage_taken":3219,"minecraft:walk_one_cm":232850,"minecraft:drop":149,"minecraft:damage_dealt":8792,"minecraft:swim_one_cm":1336,"minecraft:fly_one_cm":230806,"minecraft:crouch_one_cm":6746,"minecraft:deaths":8,"minecraft:sneak_time":2994,"minecraft:walk_under_water_one_cm":4384,"minecraft:jump":1928,"minecraft:walk_on_water_one_cm":32851,"minecraft:fall_one_cm":47363}},"DataVersion":2586}