{"stats":{"minecraft:used":{"minecraft:stone_pickaxe":71,"minecraft:wooden_pickaxe":10,"minecraft:torch":5,"minecraft:dirt":14,"minecraft:mutton":5,"minecraft:crafting_table":2,"minecraft:white_bed":1,"minecraft:black_wool":1,"minecraft:stone_axe":69,"minecraft:beef":4,"minecraft:sweet_berries":12,"minecraft:porkchop":7,"minecraft:andesite":1},"minecraft:picked_up":{"minecraft:crafting_table":2,"minecraft:wheat":3,"minecraft:tripwire_hook":3,"minecraft:andesite":1,"minecraft:brown_wool":1,"minecraft:leather":23,"minecraft:potato":2,"minecraft:oak_log":5,"minecraft:gunpowder":2,"minecraft:dirt":16,"minecraft:string":6,"minecraft:wheat_seeds":2,"minecraft:spruce_planks":17,"minecraft:beef":52,"minecraft:stone_pickaxe":1,"minecraft:light_gray_wool":1,"minecraft:chest":1,"minecraft:stick":1,"minecraft:sweet_berries":10,"minecraft:torch":9,"minecraft:porkchop":9,"minecraft:white_bed":1,"minecraft:spruce_log":7,"minecraft:dark_oak_log":2,"minecraft:stone_axe":1,"minecraft:crossbow":2,"minecraft:black_wool":1,"minecraft:mutton":33,"minecraft:coal":41,"minecraft:white_wool":18,"minecraft:cobblestone":80},"minecraft:dropped":{"minecraft:wheat_seeds":2,"minecraft:wheat":3,"minecraft:light_gray_wool":1,"minecraft:potato":2,"minecraft:wooden_pickaxe":1,"minecraft:string":6,"minecraft:tripwire_hook":3},"minecraft:crafted":{"minecraft:crafting_table":1,"minecraft:spruce_planks":28,"minecraft:wooden_pickaxe":1,"minecraft:stone_axe":1,"minecraft:stick":8,"minecraft:stone_pickaxe":1,"minecraft:white_bed":1,"minecraft:torch":4},"minecraft:killed":{"minecraft:pig":5,"minecraft:creeper":1,"minecraft:horse":1,"minecraft:sheep":17,"minecraft:pillager":3,"minecraft:cow":21},"minecraft:mined":{"minecraft:white_bed":1,"minecraft:crafting_table":1,"minecraft:torch":2,"minecraft:grass_block":4,"minecraft:chest":1,"minecraft:tall_grass":1,"minecraft:wall_torch":3,"minecraft:spruce_log":7,"minecraft:andesite":1,"minecraft:grass":2,"minecraft:coal_ore":29,"minecraft:oak_log":5,"minecraft:dirt":12,"minecraft:stone":43},"minecraft:custom":{"minecraft:mob_kills":48,"minecraft:interact_with_crafting_table":6,"minecraft:play_one_minute":28461,"minecraft:leave_game":2,"minecraft:time_since_death":13856,"minecraft:sleep_in_bed":1,"minecraft:time_since_rest":10870,"minecraft:sprint_one_cm":67961,"minecraft:damage_taken":605,"minecraft:walk_one_cm":50861,"minecraft:drop":8,"minecraft:damage_dealt":5090,"minecraft:swim_one_cm":619,"minecraft:fly_one_cm":129991,"minecraft:crouch_one_cm":238,"minecraft:deaths":1,"minecraft:sneak_time":230,"minecraft:walk_under_water_one_cm":1532,"minecraft:jump":728,"minecraft:walk_on_water_one_cm":3626,"minecraft:fall_one_cm":23627},"minecraft:killed_by":{"minecraft:spider":1}},"DataVersion":2586}