{"stats":{"minecraft:crafted":{"minecraft:oak_planks":36,"minecraft:furnace":10,"minecraft:cooked_mutton":20,"minecraft:iron_boots":2,"minecraft:iron_axe":2,"minecraft:stone_pickaxe":3,"minecraft:wheat":144,"minecraft:cooked_beef":47,"minecraft:crafting_table":4,"minecraft:spruce_planks":28,"minecraft:wooden_pickaxe":1,"minecraft:iron_helmet":2,"minecraft:iron_sword":1,"minecraft:stone_axe":3,"minecraft:bread":48,"minecraft:air":0,"minecraft:oak_boat":1,"minecraft:iron_chestplate":2,"minecraft:diamond_pickaxe":1,"minecraft:stick":36,"minecraft:iron_ingot":99,"minecraft:iron_pickaxe":3,"minecraft:stone_sword":1,"minecraft:iron_shovel":1,"minecraft:iron_leggings":2,"minecraft:white_bed":1,"minecraft:torch":8},"minecraft:killed_by":{"minecraft:spider":1,"minecraft:skeleton":4,"minecraft:zombie":1},"minecraft:used":{"minecraft:stone_sword":29,"minecraft:iron_shovel":1,"minecraft:redstone":1,"minecraft:rotten_flesh":3,"minecraft:torch":46,"minecraft:dirt":17,"minecraft:mutton":17,"minecraft:granite":17,"minecraft:iron_axe":111,"minecraft:beef":9,"minecraft:sweet_berries":12,"minecraft:furnace":10,"minecraft:cooked_beef":3,"minecraft:cooked_mutton":4,"minecraft:diorite":2,"minecraft:stone_pickaxe":261,"minecraft:wooden_pickaxe":10,"minecraft:sandstone":16,"minecraft:sand":19,"minecraft:lime_bed":1,"minecraft:crafting_table":10,"minecraft:crossbow":1,"minecraft:white_bed":2,"minecraft:diamond_pickaxe":424,"minecraft:black_wool":1,"minecraft:string":3,"minecraft:bread":20,"minecraft:brown_wool":1,"minecraft:iron_pickaxe":586,"minecraft:gravel":6,"minecraft:stone_axe":112,"minecraft:cobblestone":245,"minecraft:porkchop":13,"minecraft:andesite":1,"minecraft:oak_boat":1,"minecraft:gray_wool":1},"minecraft:dropped":{"minecraft:wheat_seeds":6,"minecraft:golden_horse_armor":1,"minecraft:crossbow":1,"minecraft:cobblestone":126,"minecraft:granite":3,"minecraft:rail":2,"minecraft:stick":1,"minecraft:gray_wool":1,"minecraft:diorite":4,"minecraft:string":6,"minecraft:tripwire_hook":3,"minecraft:stone_axe":2,"minecraft:stone_sword":1,"minecraft:wheat":3,"minecraft:rotten_flesh":1,"minecraft:light_gray_wool":1,"minecraft:iron_boots":1,"minecraft:potato":2,"minecraft:iron_chestplate":1,"minecraft:andesite":10,"minecraft:chest":1,"minecraft:stone_pressure_plate":1,"minecraft:spider_eye":3,"minecraft:sandstone":6,"minecraft:wooden_pickaxe":1,"minecraft:stone_pickaxe":1,"minecraft:egg":1},"minecraft:broken":{"minecraft:stone_pickaxe":1,"minecraft:stone_axe":1,"minecraft:iron_pickaxe":2},"minecraft:mined":{"minecraft:diamond_ore":9,"minecraft:stone_pressure_plate":2,"minecraft:white_bed":1,"minecraft:granite":19,"minecraft:grass_block":4,"minecraft:sandstone":47,"minecraft:hay_block":16,"minecraft:furnace":6,"minecraft:iron_ore":265,"minecraft:andesite":12,"minecraft:bookshelf":9,"minecraft:stone":396,"minecraft:cut_sandstone":9,"minecraft:orange_terracotta":1,"minecraft:stone_brick_slab":1,"minecraft:crafting_table":7,"minecraft:torch":17,"minecraft:chest":1,"minecraft:lectern":1,"minecraft:tall_grass":12,"minecraft:cobblestone":28,"minecraft:lapis_ore":9,"minecraft:diorite":7,"minecraft:wall_torch":24,"minecraft:lime_bed":2,"minecraft:spruce_log":7,"minecraft:tnt":18,"minecraft:grass":10,"minecraft:oak_log":9,"minecraft:coal_ore":387,"minecraft:sand":24,"minecraft:gravel":2,"minecraft:dirt":24,"minecraft:gold_ore":20,"minecraft:oak_leaves":4},"minecraft:picked_up":{"minecraft:crafting_table":8,"minecraft:iron_chestplate":3,"minecraft:wheat":3,"minecraft:string":19,"minecraft:spruce_planks":51,"minecraft:beef":92,"minecraft:iron_pickaxe":3,"minecraft:light_gray_wool":1,"minecraft:lectern":1,"minecraft:chest":5,"minecraft:egg":1,"minecraft:iron_boots":3,"minecraft:furnace":10,"minecraft:stick":10,"minecraft:sandstone":29,"minecraft:torch":65,"minecraft:porkchop":13,"minecraft:diorite":6,"minecraft:redstone":13,"minecraft:stone_pressure_plate":1,"minecraft:tnt":16,"minecraft:stone_sword":3,"minecraft:arrow":23,"minecraft:rotten_flesh":15,"minecraft:hay_block":16,"minecraft:mutton":42,"minecraft:rail":2,"minecraft:white_wool":69,"minecraft:cobblestone":942,"minecraft:lime_bed":2,"minecraft:cooked_beef":186,"minecraft:tripwire_hook":3,"minecraft:andesite":11,"minecraft:cut_sandstone":2,"minecraft:brown_wool":1,"minecraft:leather":101,"minecraft:potato":2,"minecraft:oak_log":36,"minecraft:gunpowder":14,"minecraft:lapis_lazuli":222,"minecraft:dirt":72,"minecraft:cooked_mutton":35,"minecraft:bone":7,"minecraft:wheat_seeds":6,"minecraft:stone_pickaxe":2,"minecraft:iron_ingot":6,"minecraft:iron_ore":336,"minecraft:glass_bottle":3,"minecraft:oak_planks":122,"minecraft:book":27,"minecraft:sweet_berries":10,"minecraft:gravel":9,"minecraft:sand":19,"minecraft:white_bed":1,"minecraft:spruce_log":7,"minecraft:gold_ore":42,"minecraft:spider_eye":16,"minecraft:dark_oak_log":8,"minecraft:diamond":9,"minecraft:stone_axe":4,"minecraft:granite":73,"minecraft:crossbow":12,"minecraft:gray_wool":2,"minecraft:black_wool":1,"minecraft:coal":1010},"minecraft:killed":{"minecraft:cave_spider":1,"minecraft:witch":1,"minecraft:spider":8,"minecraft:horse":1,"minecraft:skeleton":3,"minecraft:husk":1,"minecraft:pig":7,"minecraft:zombie_villager":1,"minecraft:iron_golem":1,"minecraft:creeper":3,"minecraft:sheep":25,"minecraft:pillager":3,"minecraft:zombie":11,"minecraft:cow":41},"minecraft:custom":{"minecraft:mob_kills":110,"minecraft:interact_with_crafting_table":28,"minecraft:leave_game":6,"minecraft:time_since_death":100279,"minecraft:sprint_one_cm":325155,"minecraft:walk_one_cm":386340,"minecraft:drop":174,"minecraft:deaths":8,"minecraft:sneak_time":3969,"minecraft:walk_under_water_one_cm":6330,"minecraft:boat_one_cm":406,"minecraft:jump":3710,"minecraft:walk_on_water_one_cm":38590,"minecraft:interact_with_furnace":52,"minecraft:play_one_minute":178428,"minecraft:sleep_in_bed":7,"minecraft:time_since_rest":7788,"minecraft:damage_taken":3988,"minecraft:damage_dealt":14828,"minecraft:swim_one_cm":6222,"minecraft:fly_one_cm":657341,"minecraft:open_chest":13,"minecraft:crouch_one_cm":8642,"minecraft:fall_one_cm":94411}},"DataVersion":2586}