{"stats":{"minecraft:broken":{"minecraft:stone_pickaxe":1,"minecraft:stone_axe":1},"minecraft:picked_up":{"minecraft:crafting_table":3,"minecraft:wheat":3,"minecraft:cooked_beef":47,"minecraft:tripwire_hook":3,"minecraft:andesite":1,"minecraft:leather":51,"minecraft:brown_wool":1,"minecraft:potato":2,"minecraft:oak_log":18,"minecraft:gunpowder":6,"minecraft:dirt":39,"minecraft:string":10,"minecraft:cooked_mutton":19,"minecraft:wheat_seeds":6,"minecraft:spruce_planks":25,"minecraft:iron_ingot":1,"minecraft:beef":60,"minecraft:stone_pickaxe":1,"minecraft:iron_ore":22,"minecraft:iron_pickaxe":1,"minecraft:light_gray_wool":1,"minecraft:glass_bottle":1,"minecraft:chest":2,"minecraft:stick":5,"minecraft:sweet_berries":10,"minecraft:torch":18,"minecraft:porkchop":9,"minecraft:white_bed":1,"minecraft:spruce_log":7,"minecraft:redstone":4,"minecraft:gold_ore":11,"minecraft:dark_oak_log":4,"minecraft:spider_eye":3,"minecraft:stone_sword":1,"minecraft:arrow":3,"minecraft:rotten_flesh":2,"minecraft:stone_axe":2,"minecraft:granite":22,"minecraft:crossbow":4,"minecraft:gray_wool":2,"minecraft:black_wool":1,"minecraft:mutton":34,"minecraft:coal":97,"minecraft:white_wool":29,"minecraft:cobblestone":274},"minecraft:used":{"minecraft:cooked_mutton":3,"minecraft:stone_sword":23,"minecraft:stone_pickaxe":132,"minecraft:wooden_pickaxe":10,"minecraft:torch":12,"minecraft:dirt":17,"minecraft:mutton":9,"minecraft:crafting_table":4,"minecraft:crossbow":1,"minecraft:white_bed":2,"minecraft:black_wool":1,"minecraft:brown_wool":1,"minecraft:iron_pickaxe":135,"minecraft:stone_axe":100,"minecraft:cobblestone":2,"minecraft:beef":4,"minecraft:sweet_berries":12,"minecraft:furnace":4,"minecraft:porkchop":9,"minecraft:andesite":1,"minecraft:gray_wool":1},"minecraft:dropped":{"minecraft:wheat_seeds":6,"minecraft:wheat":3,"minecraft:light_gray_wool":1,"minecraft:potato":2,"minecraft:gray_wool":1,"minecraft:wooden_pickaxe":1,"minecraft:string":6,"minecraft:tripwire_hook":3},"minecraft:crafted":{"minecraft:cooked_beef":47,"minecraft:crafting_table":2,"minecraft:spruce_planks":28,"minecraft:wooden_pickaxe":1,"minecraft:furnace":4,"minecraft:stone_axe":2,"minecraft:cooked_mutton":20,"minecraft:air":0,"minecraft:stick":12,"minecraft:iron_ingot":4,"minecraft:iron_pickaxe":1,"minecraft:stone_pickaxe":1,"minecraft:stone_sword":1,"minecraft:white_bed":1,"minecraft:torch":4},"minecraft:killed":{"minecraft:pig":5,"minecraft:witch":1,"minecraft:spider":2,"minecraft:creeper":1,"minecraft:sheep":18,"minecraft:horse":1,"minecraft:pillager":3,"minecraft:zombie":2,"minecraft:cow":25},"minecraft:mined":{"minecraft:white_bed":1,"minecraft:crafting_table":2,"minecraft:torch":6,"minecraft:granite":11,"minecraft:grass_block":4,"minecraft:chest":1,"minecraft:tall_grass":10,"minecraft:wall_torch":5,"minecraft:iron_ore":16,"minecraft:spruce_log":7,"minecraft:andesite":1,"minecraft:grass":4,"minecraft:oak_log":9,"minecraft:coal_ore":79,"minecraft:dirt":24,"minecraft:stone":139,"minecraft:gold_ore":11,"minecraft:oak_leaves":4},"minecraft:custom":{"minecraft:interact_with_furnace":27,"minecraft:mob_kills":58,"minecraft:interact_with_crafting_table":11,"minecraft:play_one_minute":50588,"minecraft:leave_game":2,"minecraft:time_since_death":3132,"minecraft:sleep_in_bed":5,"minecraft:time_since_rest":3157,"minecraft:sprint_one_cm":100576,"minecraft:damage_taken":1210,"minecraft:walk_one_cm":101660,"minecraft:drop":12,"minecraft:damage_dealt":6794,"minecraft:swim_one_cm":1336,"minecraft:fly_one_cm":193542,"minecraft:crouch_one_cm":427,"minecraft:deaths":2,"minecraft:sneak_time":299,"minecraft:walk_under_water_one_cm":2344,"minecraft:jump":1145,"minecraft:walk_on_water_one_cm":7841,"minecraft:fall_one_cm":32209},"minecraft:killed_by":{"minecraft:skeleton":1,"minecraft:spider":1}},"DataVersion":2586}