{"stats":{"minecraft:broken":{"minecraft:stone_axe":1},"minecraft:used":{"minecraft:stone_sword":2,"minecraft:stone_pickaxe":120,"minecraft:wooden_pickaxe":10,"minecraft:torch":8,"minecraft:dirt":17,"minecraft:mutton":9,"minecraft:crafting_table":4,"minecraft:white_bed":2,"minecraft:black_wool":1,"minecraft:brown_wool":1,"minecraft:stone_axe":90,"minecraft:beef":4,"minecraft:sweet_berries":12,"minecraft:furnace":4,"minecraft:porkchop":9,"minecraft:andesite":1},"minecraft:picked_up":{"minecraft:crafting_table":3,"minecraft:wheat":3,"minecraft:tripwire_hook":3,"minecraft:andesite":1,"minecraft:leather":27,"minecraft:brown_wool":1,"minecraft:potato":2,"minecraft:oak_log":9,"minecraft:gunpowder":2,"minecraft:dirt":17,"minecraft:string":6,"minecraft:wheat_seeds":4,"minecraft:spruce_planks":17,"minecraft:beef":60,"minecraft:stone_pickaxe":1,"minecraft:light_gray_wool":1,"minecraft:chest":1,"minecraft:stick":3,"minecraft:sweet_berries":10,"minecraft:torch":12,"minecraft:porkchop":9,"minecraft:white_bed":1,"minecraft:spruce_log":7,"minecraft:dark_oak_log":2,"minecraft:stone_axe":1,"minecraft:crossbow":2,"minecraft:gray_wool":1,"minecraft:black_wool":1,"minecraft:mutton":34,"minecraft:coal":77,"minecraft:white_wool":18,"minecraft:cobblestone":89},"minecraft:dropped":{"minecraft:wheat_seeds":2,"minecraft:wheat":3,"minecraft:light_gray_wool":1,"minecraft:potato":2,"minecraft:wooden_pickaxe":1,"minecraft:string":6,"minecraft:tripwire_hook":3},"minecraft:crafted":{"minecraft:crafting_table":2,"minecraft:spruce_planks":28,"minecraft:wooden_pickaxe":1,"minecraft:furnace":4,"minecraft:stone_axe":2,"minecraft:stick":8,"minecraft:stone_pickaxe":1,"minecraft:stone_sword":1,"minecraft:white_bed":1,"minecraft:torch":4},"minecraft:killed":{"minecraft:pig":5,"minecraft:creeper":1,"minecraft:sheep":18,"minecraft:horse":1,"minecraft:pillager":3,"minecraft:cow":25},"minecraft:mined":{"minecraft:white_bed":1,"minecraft:crafting_table":2,"minecraft:torch":5,"minecraft:grass_block":4,"minecraft:chest":1,"minecraft:tall_grass":10,"minecraft:wall_torch":3,"minecraft:spruce_log":7,"minecraft:andesite":1,"minecraft:grass":4,"minecraft:oak_log":9,"minecraft:coal_ore":69,"minecraft:dirt":13,"minecraft:stone":52,"minecraft:oak_leaves":4},"minecraft:custom":{"minecraft:interact_with_furnace":4,"minecraft:mob_kills":53,"minecraft:interact_with_crafting_table":8,"minecraft:play_one_minute":38588,"minecraft:leave_game":2,"minecraft:time_since_death":23983,"minecraft:sleep_in_bed":2,"minecraft:time_since_rest":2308,"minecraft:sprint_one_cm":93988,"minecraft:damage_taken":675,"minecraft:walk_one_cm":70112,"minecraft:drop":8,"minecraft:damage_dealt":5569,"minecraft:swim_one_cm":1336,"minecraft:fly_one_cm":184986,"minecraft:crouch_one_cm":238,"minecraft:deaths":1,"minecraft:sneak_time":230,"minecraft:walk_under_water_one_cm":2108,"minecraft:jump":974,"minecraft:walk_on_water_one_cm":5348,"minecraft:fall_one_cm":29691},"minecraft:killed_by":{"minecraft:spider":1}},"DataVersion":2586}