{"stats":{"minecraft:broken":{"minecraft:stone_pickaxe":1,"minecraft:stone_axe":1,"minecraft:iron_pickaxe":1},"minecraft:picked_up":{"minecraft:crafting_table":3,"minecraft:wheat":3,"minecraft:cooked_beef":186,"minecraft:tripwire_hook":3,"minecraft:andesite":1,"minecraft:leather":99,"minecraft:brown_wool":1,"minecraft:potato":2,"minecraft:oak_log":36,"minecraft:gunpowder":14,"minecraft:lapis_lazuli":16,"minecraft:dirt":72,"minecraft:string":14,"minecraft:cooked_mutton":35,"minecraft:bone":3,"minecraft:wheat_seeds":6,"minecraft:spruce_planks":45,"minecraft:iron_ingot":3,"minecraft:beef":60,"minecraft:stone_pickaxe":1,"minecraft:iron_ore":122,"minecraft:iron_pickaxe":3,"minecraft:light_gray_wool":1,"minecraft:glass_bottle":3,"minecraft:chest":4,"minecraft:oak_planks":34,"minecraft:stick":7,"minecraft:sweet_berries":10,"minecraft:torch":29,"minecraft:porkchop":9,"minecraft:white_bed":1,"minecraft:spruce_log":7,"minecraft:redstone":13,"minecraft:gold_ore":36,"minecraft:dark_oak_log":8,"minecraft:spider_eye":9,"minecraft:stone_sword":3,"minecraft:arrow":20,"minecraft:rotten_flesh":6,"minecraft:stone_axe":4,"minecraft:granite":48,"minecraft:crossbow":9,"minecraft:gray_wool":2,"minecraft:black_wool":1,"minecraft:mutton":34,"minecraft:coal":310,"minecraft:white_wool":62,"minecraft:cobblestone":503},"minecraft:used":{"minecraft:cooked_mutton":4,"minecraft:stone_sword":29,"minecraft:redstone":1,"minecraft:stone_pickaxe":132,"minecraft:wooden_pickaxe":10,"minecraft:torch":14,"minecraft:dirt":17,"minecraft:mutton":9,"minecraft:crafting_table":5,"minecraft:crossbow":1,"minecraft:white_bed":2,"minecraft:black_wool":1,"minecraft:brown_wool":1,"minecraft:iron_pickaxe":255,"minecraft:stone_axe":100,"minecraft:cobblestone":48,"minecraft:beef":4,"minecraft:sweet_berries":12,"minecraft:furnace":8,"minecraft:porkchop":9,"minecraft:andesite":1,"minecraft:cooked_beef":2,"minecraft:gray_wool":1},"minecraft:dropped":{"minecraft:wheat_seeds":6,"minecraft:wheat":3,"minecraft:light_gray_wool":1,"minecraft:potato":2,"minecraft:gray_wool":1,"minecraft:wooden_pickaxe":1,"minecraft:string":6,"minecraft:tripwire_hook":3},"minecraft:crafted":{"minecraft:cooked_beef":47,"minecraft:oak_planks":36,"minecraft:crafting_table":3,"minecraft:spruce_planks":28,"minecraft:wooden_pickaxe":1,"minecraft:furnace":8,"minecraft:stone_axe":2,"minecraft:cooked_mutton":20,"minecraft:air":0,"minecraft:stick":16,"minecraft:iron_ingot":48,"minecraft:iron_pickaxe":2,"minecraft:stone_pickaxe":1,"minecraft:stone_sword":1,"minecraft:white_bed":1,"minecraft:torch":4},"minecraft:killed":{"minecraft:pig":5,"minecraft:witch":1,"minecraft:spider":3,"minecraft:creeper":1,"minecraft:sheep":18,"minecraft:horse":1,"minecraft:skeleton":1,"minecraft:pillager":3,"minecraft:zombie":2,"minecraft:cow":25},"minecraft:mined":{"minecraft:white_bed":1,"minecraft:crafting_table":2,"minecraft:torch":6,"minecraft:granite":13,"minecraft:grass_block":4,"minecraft:chest":1,"minecraft:cobblestone":4,"minecraft:tall_grass":10,"minecraft:lapis_ore":1,"minecraft:wall_torch":6,"minecraft:iron_ore":48,"minecraft:spruce_log":7,"minecraft:andesite":1,"minecraft:grass":4,"minecraft:oak_log":9,"minecraft:coal_ore":146,"minecraft:dirt":24,"minecraft:stone":150,"minecraft:gold_ore":14,"minecraft:oak_leaves":4},"minecraft:custom":{"minecraft:interact_with_furnace":38,"minecraft:mob_kills":60,"minecraft:interact_with_crafting_table":13,"minecraft:play_one_minute":62588,"minecraft:leave_game":2,"minecraft:time_since_death":1433,"minecraft:sleep_in_bed":5,"minecraft:time_since_rest":1474,"minecraft:sprint_one_cm":116786,"minecraft:damage_taken":2185,"minecraft:walk_one_cm":134050,"minecraft:drop":12,"minecraft:damage_dealt":7222,"minecraft:swim_one_cm":1336,"minecraft:fly_one_cm":209468,"minecraft:crouch_one_cm":1703,"minecraft:deaths":5,"minecraft:sneak_time":778,"minecraft:walk_under_water_one_cm":2987,"minecraft:jump":1380,"minecraft:walk_on_water_one_cm":20578,"minecraft:fall_one_cm":38756},"minecraft:killed_by":{"minecraft:skeleton":3,"minecraft:spider":1}},"DataVersion":2586}