{"stats":{"minecraft:broken":{"minecraft:stone_pickaxe":1,"minecraft:stone_axe":1,"minecraft:iron_pickaxe":1},"minecraft:used":{"minecraft:cooked_mutton":4,"minecraft:iron_shovel":1,"minecraft:stone_sword":29,"minecraft:redstone":1,"minecraft:stone_pickaxe":149,"minecraft:wooden_pickaxe":10,"minecraft:torch":15,"minecraft:dirt":17,"minecraft:mutton":9,"minecraft:crafting_table":6,"minecraft:crossbow":1,"minecraft:white_bed":2,"minecraft:granite":14,"minecraft:black_wool":1,"minecraft:iron_axe":1,"minecraft:brown_wool":1,"minecraft:iron_pickaxe":335,"minecraft:stone_axe":100,"minecraft:cobblestone":94,"minecraft:beef":4,"minecraft:sweet_berries":12,"minecraft:furnace":8,"minecraft:porkchop":9,"minecraft:andesite":1,"minecraft:cooked_beef":3,"minecraft:gray_wool":1},"minecraft:picked_up":{"minecraft:iron_chestplate":2,"minecraft:crafting_table":4,"minecraft:wheat":3,"minecraft:cooked_beef":186,"minecraft:tripwire_hook":3,"minecraft:andesite":1,"minecraft:leather":99,"minecraft:brown_wool":1,"minecraft:potato":2,"minecraft:oak_log":36,"minecraft:gunpowder":14,"minecraft:lapis_lazuli":152,"minecraft:dirt":72,"minecraft:string":16,"minecraft:cooked_mutton":35,"minecraft:bone":5,"minecraft:wheat_seeds":6,"minecraft:spruce_planks":49,"minecraft:iron_ingot":3,"minecraft:beef":60,"minecraft:stone_pickaxe":1,"minecraft:iron_ore":137,"minecraft:iron_pickaxe":3,"minecraft:light_gray_wool":1,"minecraft:glass_bottle":3,"minecraft:chest":5,"minecraft:oak_planks":96,"minecraft:iron_boots":2,"minecraft:furnace":6,"minecraft:stick":8,"minecraft:sweet_berries":10,"minecraft:torch":34,"minecraft:porkchop":9,"minecraft:white_bed":1,"minecraft:spruce_log":7,"minecraft:redstone":13,"minecraft:gold_ore":40,"minecraft:dark_oak_log":8,"minecraft:spider_eye":13,"minecraft:stone_sword":3,"minecraft:arrow":20,"minecraft:rotten_flesh":10,"minecraft:stone_axe":4,"minecraft:granite":67,"minecraft:crossbow":11,"minecraft:gray_wool":2,"minecraft:black_wool":1,"minecraft:mutton":34,"minecraft:coal":587,"minecraft:white_wool":62,"minecraft:cobblestone":557},"minecraft:dropped":{"minecraft:stone_axe":1,"minecraft:wheat_seeds":6,"minecraft:stone_sword":1,"minecraft:wheat":3,"minecraft:light_gray_wool":1,"minecraft:stick":1,"minecraft:potato":2,"minecraft:gray_wool":1,"minecraft:chest":1,"minecraft:wooden_pickaxe":1,"minecraft:string":6,"minecraft:tripwire_hook":3},"minecraft:crafted":{"minecraft:cooked_beef":47,"minecraft:oak_planks":36,"minecraft:crafting_table":4,"minecraft:spruce_planks":28,"minecraft:iron_helmet":1,"minecraft:wooden_pickaxe":1,"minecraft:iron_sword":1,"minecraft:furnace":10,"minecraft:stone_axe":2,"minecraft:cooked_mutton":20,"minecraft:air":0,"minecraft:iron_boots":1,"minecraft:iron_chestplate":1,"minecraft:iron_axe":1,"minecraft:stick":24,"minecraft:iron_ingot":48,"minecraft:iron_pickaxe":2,"minecraft:stone_pickaxe":2,"minecraft:stone_sword":1,"minecraft:iron_shovel":1,"minecraft:iron_leggings":1,"minecraft:white_bed":1,"minecraft:torch":8},"minecraft:killed":{"minecraft:pig":5,"minecraft:witch":1,"minecraft:spider":3,"minecraft:creeper":1,"minecraft:sheep":18,"minecraft:horse":1,"minecraft:skeleton":1,"minecraft:pillager":3,"minecraft:zombie":2,"minecraft:cow":25},"minecraft:mined":{"minecraft:white_bed":1,"minecraft:crafting_table":3,"minecraft:torch":6,"minecraft:granite":15,"minecraft:grass_block":4,"minecraft:chest":1,"minecraft:cobblestone":15,"minecraft:tall_grass":10,"minecraft:lapis_ore":6,"minecraft:diorite":2,"minecraft:wall_torch":7,"minecraft:furnace":4,"minecraft:iron_ore":64,"minecraft:spruce_log":7,"minecraft:andesite":1,"minecraft:grass":4,"minecraft:oak_log":9,"minecraft:coal_ore":177,"minecraft:dirt":24,"minecraft:stone":167,"minecraft:gold_ore":18,"minecraft:oak_leaves":4},"minecraft:custom":{"minecraft:interact_with_furnace":38,"minecraft:mob_kills":60,"minecraft:interact_with_crafting_table":18,"minecraft:play_one_minute":74588,"minecraft:leave_game":2,"minecraft:time_since_death":1890,"minecraft:sleep_in_bed":5,"minecraft:time_since_rest":1915,"minecraft:sprint_one_cm":130434,"minecraft:damage_taken":2950,"minecraft:walk_one_cm":158974,"minecraft:drop":16,"minecraft:damage_dealt":7452,"minecraft:swim_one_cm":1336,"minecraft:fly_one_cm":221438,"minecraft:crouch_one_cm":4261,"minecraft:deaths":7,"minecraft:sneak_time":2163,"minecraft:walk_under_water_one_cm":2987,"minecraft:jump":1604,"minecraft:walk_on_water_one_cm":21175,"minecraft:fall_one_cm":44163},"minecraft:killed_by":{"minecraft:skeleton":4,"minecraft:spider":1}},"DataVersion":2586}