{"stats":{"minecraft:crafted":{"minecraft:oak_planks":36,"minecraft:furnace":10,"minecraft:cooked_mutton":20,"minecraft:iron_boots":2,"minecraft:iron_axe":2,"minecraft:stone_pickaxe":3,"minecraft:cooked_beef":47,"minecraft:crafting_table":4,"minecraft:spruce_planks":28,"minecraft:wooden_pickaxe":1,"minecraft:iron_helmet":2,"minecraft:iron_sword":1,"minecraft:stone_axe":3,"minecraft:air":0,"minecraft:iron_chestplate":2,"minecraft:diamond_pickaxe":1,"minecraft:stick":36,"minecraft:iron_ingot":99,"minecraft:iron_pickaxe":3,"minecraft:stone_sword":1,"minecraft:iron_shovel":1,"minecraft:iron_leggings":2,"minecraft:white_bed":1,"minecraft:torch":8},"minecraft:killed_by":{"minecraft:spider":1,"minecraft:skeleton":4,"minecraft:zombie":1},"minecraft:used":{"minecraft:stone_sword":29,"minecraft:iron_shovel":1,"minecraft:redstone":1,"minecraft:rotten_flesh":3,"minecraft:torch":34,"minecraft:dirt":17,"minecraft:mutton":9,"minecraft:granite":17,"minecraft:iron_axe":48,"minecraft:beef":4,"minecraft:sweet_berries":12,"minecraft:furnace":10,"minecraft:cooked_beef":3,"minecraft:cooked_mutton":4,"minecraft:diorite":2,"minecraft:stone_pickaxe":261,"minecraft:wooden_pickaxe":10,"minecraft:sand":17,"minecraft:crafting_table":9,"minecraft:crossbow":1,"minecraft:white_bed":2,"minecraft:diamond_pickaxe":289,"minecraft:black_wool":1,"minecraft:string":3,"minecraft:bread":7,"minecraft:brown_wool":1,"minecraft:iron_pickaxe":586,"minecraft:gravel":6,"minecraft:stone_axe":112,"minecraft:cobblestone":208,"minecraft:porkchop":13,"minecraft:andesite":1,"minecraft:gray_wool":1},"minecraft:dropped":{"minecraft:wheat_seeds":6,"minecraft:crossbow":1,"minecraft:cobblestone":126,"minecraft:rail":2,"minecraft:stick":1,"minecraft:gray_wool":1,"minecraft:diorite":1,"minecraft:string":6,"minecraft:tripwire_hook":3,"minecraft:stone_axe":2,"minecraft:stone_sword":1,"minecraft:wheat":3,"minecraft:light_gray_wool":1,"minecraft:iron_boots":1,"minecraft:potato":2,"minecraft:iron_chestplate":1,"minecraft:chest":1,"minecraft:wooden_pickaxe":1,"minecraft:stone_pickaxe":1},"minecraft:broken":{"minecraft:stone_pickaxe":1,"minecraft:stone_axe":1,"minecraft:iron_pickaxe":2},"minecraft:mined":{"minecraft:diamond_ore":9,"minecraft:white_bed":1,"minecraft:granite":19,"minecraft:grass_block":4,"minecraft:sandstone":6,"minecraft:furnace":6,"minecraft:iron_ore":235,"minecraft:andesite":12,"minecraft:stone":391,"minecraft:crafting_table":7,"minecraft:torch":10,"minecraft:chest":1,"minecraft:tall_grass":10,"minecraft:cobblestone":25,"minecraft:lapis_ore":9,"minecraft:diorite":7,"minecraft:wall_torch":19,"minecraft:spruce_log":7,"minecraft:grass":4,"minecraft:oak_log":9,"minecraft:coal_ore":363,"minecraft:sand":18,"minecraft:gravel":2,"minecraft:dirt":24,"minecraft:gold_ore":20,"minecraft:oak_leaves":4},"minecraft:picked_up":{"minecraft:crafting_table":8,"minecraft:iron_chestplate":3,"minecraft:wheat":3,"minecraft:string":19,"minecraft:spruce_planks":51,"minecraft:beef":60,"minecraft:iron_pickaxe":3,"minecraft:light_gray_wool":1,"minecraft:chest":5,"minecraft:egg":1,"minecraft:iron_boots":3,"minecraft:furnace":10,"minecraft:stick":10,"minecraft:sandstone":6,"minecraft:torch":53,"minecraft:porkchop":13,"minecraft:diorite":6,"minecraft:redstone":13,"minecraft:stone_sword":3,"minecraft:arrow":23,"minecraft:rotten_flesh":15,"minecraft:mutton":42,"minecraft:rail":2,"minecraft:white_wool":69,"minecraft:cobblestone":921,"minecraft:cooked_beef":186,"minecraft:tripwire_hook":3,"minecraft:andesite":11,"minecraft:brown_wool":1,"minecraft:leather":99,"minecraft:potato":2,"minecraft:oak_log":36,"minecraft:gunpowder":14,"minecraft:lapis_lazuli":222,"minecraft:dirt":72,"minecraft:cooked_mutton":35,"minecraft:bone":7,"minecraft:wheat_seeds":6,"minecraft:stone_pickaxe":2,"minecraft:iron_ingot":3,"minecraft:iron_ore":306,"minecraft:glass_bottle":3,"minecraft:oak_planks":122,"minecraft:sweet_berries":10,"minecraft:gravel":9,"minecraft:sand":17,"minecraft:white_bed":1,"minecraft:spruce_log":7,"minecraft:gold_ore":42,"minecraft:spider_eye":16,"minecraft:dark_oak_log":8,"minecraft:diamond":9,"minecraft:stone_axe":4,"minecraft:granite":73,"minecraft:crossbow":12,"minecraft:gray_wool":2,"minecraft:black_wool":1,"minecraft:coal":983},"minecraft:killed":{"minecraft:cave_spider":1,"minecraft:witch":1,"minecraft:spider":5,"minecraft:horse":1,"minecraft:skeleton":3,"minecraft:pig":7,"minecraft:zombie_villager":1,"minecraft:creeper":3,"minecraft:sheep":25,"minecraft:pillager":3,"minecraft:zombie":10,"minecraft:cow":25},"minecraft:custom":{"minecraft:mob_kills":88,"minecraft:interact_with_crafting_table":25,"minecraft:leave_game":6,"minecraft:time_since_death":64279,"minecraft:sprint_one_cm":191576,"minecraft:walk_one_cm":307290,"minecraft:drop":149,"minecraft:deaths":8,"minecraft:sneak_time":3541,"minecraft:walk_under_water_one_cm":4384,"minecraft:jump":2400,"minecraft:walk_on_water_one_cm":34473,"minecraft:interact_with_furnace":52,"minecraft:play_one_minute":142428,"minecraft:sleep_in_bed":5,"minecraft:time_since_rest":64505,"minecraft:damage_taken":3503,"minecraft:damage_dealt":11212,"minecraft:swim_one_cm":1336,"minecraft:fly_one_cm":310033,"minecraft:crouch_one_cm":8599,"minecraft:fall_one_cm":56318}},"DataVersion":2586}