{"stats":{"minecraft:used":{"minecraft:black_wool":1,"minecraft:stone_pickaxe":71,"minecraft:wooden_pickaxe":10,"minecraft:stone_axe":60,"minecraft:torch":5,"minecraft:dirt":14,"minecraft:mutton":5,"minecraft:beef":4,"minecraft:crafting_table":2,"minecraft:sweet_berries":12,"minecraft:porkchop":7,"minecraft:andesite":1,"minecraft:white_bed":1},"minecraft:picked_up":{"minecraft:stick":1,"minecraft:crafting_table":2,"minecraft:wheat":3,"minecraft:tripwire_hook":3,"minecraft:sweet_berries":10,"minecraft:andesite":1,"minecraft:leather":23,"minecraft:torch":9,"minecraft:potato":2,"minecraft:porkchop":9,"minecraft:oak_log":5,"minecraft:white_bed":1,"minecraft:gunpowder":2,"minecraft:spruce_log":7,"minecraft:dark_oak_log":2,"minecraft:string":6,"minecraft:dirt":16,"minecraft:stone_axe":1,"minecraft:wheat_seeds":2,"minecraft:spruce_planks":17,"minecraft:crossbow":1,"minecraft:beef":52,"minecraft:stone_pickaxe":1,"minecraft:light_gray_wool":1,"minecraft:chest":1,"minecraft:black_wool":1,"minecraft:mutton":25,"minecraft:coal":41,"minecraft:white_wool":15,"minecraft:cobblestone":80},"minecraft:dropped":{"minecraft:wheat_seeds":2,"minecraft:wooden_pickaxe":1},"minecraft:crafted":{"minecraft:crafting_table":1,"minecraft:spruce_planks":28,"minecraft:stick":8,"minecraft:wooden_pickaxe":1,"minecraft:stone_pickaxe":1,"minecraft:white_bed":1,"minecraft:torch":4,"minecraft:stone_axe":1},"minecraft:mined":{"minecraft:white_bed":1,"minecraft:spruce_log":7,"minecraft:andesite":1,"minecraft:torch":2,"minecraft:crafting_table":1,"minecraft:grass":2,"minecraft:oak_log":5,"minecraft:grass_block":4,"minecraft:coal_ore":29,"minecraft:chest":1,"minecraft:dirt":12,"minecraft:tall_grass":1,"minecraft:stone":43,"minecraft:wall_torch":3},"minecraft:killed":{"minecraft:sheep":13,"minecraft:horse":1,"minecraft:pillager":1,"minecraft:pig":5,"minecraft:creeper":1,"minecraft:cow":21},"minecraft:custom":{"minecraft:time_since_rest":9042,"minecraft:sprint_one_cm":59742,"minecraft:damage_taken":585,"minecraft:walk_one_cm":47726,"minecraft:mob_kills":42,"minecraft:drop":3,"minecraft:damage_dealt":4290,"minecraft:swim_one_cm":619,"minecraft:interact_with_crafting_table":6,"minecraft:fly_one_cm":119692,"minecraft:crouch_one_cm":238,"minecraft:play_one_minute":26633,"minecraft:deaths":1,"minecraft:sneak_time":230,"minecraft:walk_under_water_one_cm":1420,"minecraft:jump":682,"minecraft:leave_game":1,"minecraft:time_since_death":12028,"minecraft:walk_on_water_one_cm":1962,"minecraft:sleep_in_bed":1,"minecraft:fall_one_cm":21560},"minecraft:killed_by":{"minecraft:spider":1}},"DataVersion":2586}