{"stats":{"minecraft:broken":{"minecraft:wooden_pickaxe":1,"minecraft:stone_pickaxe":6,"minecraft:wooden_sword":1,"minecraft:iron_pickaxe":5,"minecraft:wooden_axe":1,"minecraft:stone_shovel":2},"minecraft:used":{"minecraft:stone_sword":36,"minecraft:iron_shovel":24,"minecraft:flint_and_steel":1,"minecraft:stone_shovel":336,"minecraft:chest":2,"minecraft:spruce_planks":68,"minecraft:shield":5,"minecraft:iron_sword":63,"minecraft:rotten_flesh":1,"minecraft:netherrack":3,"minecraft:oak_door":3,"minecraft:torch":33,"minecraft:dirt":29,"minecraft:mutton":2,"minecraft:granite":23,"minecraft:glass":6,"minecraft:wooden_axe":51,"minecraft:spruce_boat":13,"minecraft:lava_bucket":17,"minecraft:iron_axe":142,"minecraft:stone_bricks":156,"minecraft:beef":8,"minecraft:sweet_berries":47,"minecraft:furnace":17,"minecraft:egg":2,"minecraft:cooked_beef":7,"minecraft:water_bucket":35,"minecraft:diorite":19,"minecraft:oak_planks":1,"minecraft:stone_pickaxe":1052,"minecraft:ender_pearl":1,"minecraft:wooden_pickaxe":93,"minecraft:sandstone":123,"minecraft:blue_bed":2,"minecraft:diamond_axe":2,"minecraft:spruce_sign":3,"minecraft:stonecutter":1,"minecraft:sand":61,"minecraft:crafting_table":35,"minecraft:red_bed":2,"minecraft:mushroom_stew":1,"minecraft:spruce_log":44,"minecraft:diamond_pickaxe":27,"minecraft:iron_pickaxe":1638,"minecraft:bread":19,"minecraft:gravel":29,"minecraft:stone_axe":323,"minecraft:diamond_sword":68,"minecraft:wooden_sword":42,"minecraft:cobblestone":531,"minecraft:porkchop":1,"minecraft:smithing_table":1,"minecraft:andesite":129,"minecraft:bucket":55,"minecraft:oak_boat":2,"minecraft:smooth_stone":5,"minecraft:dandelion":2},"minecraft:picked_up":{"minecraft:iron_chestplate":1,"minecraft:crafting_table":26,"minecraft:chicken":2,"minecraft:smithing_table":2,"minecraft:brown_mushroom":1,"minecraft:shield":1,"minecraft:red_bed":2,"minecraft:iron_axe":1,"minecraft:wooden_sword":1,"minecraft:flint_and_steel":4,"minecraft:smooth_stone":5,"minecraft:bucket":1,"minecraft:spruce_planks":71,"minecraft:beef":26,"minecraft:oak_boat":1,"minecraft:poppy":3,"minecraft:iron_pickaxe":2,"minecraft:light_gray_wool":2,"minecraft:sugar_cane":48,"minecraft:furnace":17,"minecraft:iron_boots":1,"minecraft:egg":2,"minecraft:stick":35,"minecraft:sandstone":105,"minecraft:stone":12,"minecraft:oak_door":1,"minecraft:torch":23,"minecraft:porkchop":13,"minecraft:diorite":71,"minecraft:redstone":145,"minecraft:stone_sword":1,"minecraft:stone_shovel":1,"minecraft:rotten_flesh":9,"minecraft:hay_block":38,"minecraft:gold_ingot":2,"minecraft:obsidian":7,"minecraft:mutton":13,"minecraft:white_wool":9,"minecraft:cobblestone":1895,"minecraft:feather":1,"minecraft:andesite":209,"minecraft:brown_wool":1,"minecraft:leather":22,"minecraft:red_mushroom":1,"minecraft:flint":3,"minecraft:oak_log":16,"minecraft:lily_pad":31,"minecraft:gunpowder":1,"minecraft:lapis_lazuli":127,"minecraft:dirt":100,"minecraft:blue_bed":2,"minecraft:glass":2,"minecraft:bone":6,"minecraft:apple":2,"minecraft:stone_bricks":16,"minecraft:kelp":1,"minecraft:wheat_seeds":10,"minecraft:iron_ingot":5,"minecraft:stone_pickaxe":4,"minecraft:iron_ore":127,"minecraft:iron_sword":1,"minecraft:oak_planks":2,"minecraft:warped_fungus":1,"minecraft:cooked_porkchop":1,"minecraft:sweet_berries":31,"minecraft:dandelion":2,"minecraft:gravel":68,"minecraft:sand":426,"minecraft:spruce_sapling":9,"minecraft:spruce_log":350,"minecraft:gold_ore":26,"minecraft:diamond":39,"minecraft:spruce_boat":12,"minecraft:stone_axe":6,"minecraft:iron_helmet":1,"minecraft:granite":51,"minecraft:gray_wool":1,"minecraft:bread":43,"minecraft:netherrack":3,"minecraft:black_wool":1,"minecraft:coal":300,"minecraft:sunflower":4,"minecraft:ender_pearl":1},"minecraft:dropped":{"minecraft:iron_sword":1,"minecraft:wheat_seeds":10,"minecraft:lapis_lazuli":10,"minecraft:feather":1,"minecraft:iron_helmet":1,"minecraft:cobblestone":610,"minecraft:granite":28,"minecraft:dirt":59,"minecraft:gray_wool":1,"minecraft:diorite":50,"minecraft:brown_wool":1,"minecraft:sunflower":4,"minecraft:iron_axe":1,"minecraft:iron_pickaxe":2,"minecraft:lily_pad":31,"minecraft:white_wool":2,"minecraft:spruce_sapling":9,"minecraft:redstone":18,"minecraft:oak_door":4,"minecraft:gravel":25,"minecraft:stone_axe":7,"minecraft:kelp":1,"minecraft:rotten_flesh":4,"minecraft:light_gray_wool":2,"minecraft:iron_boots":1,"minecraft:flint_and_steel":2,"minecraft:gunpowder":1,"minecraft:spruce_planks":1,"minecraft:andesite":70,"minecraft:iron_ore":1,"minecraft:wooden_pickaxe":2,"minecraft:stone_pickaxe":3,"minecraft:black_wool":1},"minecraft:crafted":{"minecraft:wooden_sword":1,"minecraft:oak_door":6,"minecraft:smooth_stone":5,"minecraft:oak_planks":60,"minecraft:stone_shovel":3,"minecraft:furnace":3,"minecraft:stone":227,"minecraft:mushroom_stew":1,"minecraft:flint_and_steel":2,"minecraft:glass":8,"minecraft:diamond_helmet":1,"minecraft:iron_boots":2,"minecraft:iron_axe":2,"minecraft:stone_pickaxe":9,"minecraft:chest":2,"minecraft:diamond_boots":1,"minecraft:spruce_boat":2,"minecraft:wheat":342,"minecraft:cooked_beef":18,"minecraft:coal_block":2,"minecraft:red_dye":3,"minecraft:diamond_sword":1,"minecraft:spruce_sign":6,"minecraft:cooked_porkchop":11,"minecraft:diamond_axe":2,"minecraft:crafting_table":12,"minecraft:spruce_planks":288,"minecraft:iron_helmet":2,"minecraft:wooden_pickaxe":3,"minecraft:iron_sword":1,"minecraft:bowl":4,"minecraft:red_bed":1,"minecraft:red_wool":3,"minecraft:bucket":2,"minecraft:stone_axe":5,"minecraft:bread":54,"minecraft:air":0,"minecraft:oak_boat":1,"minecraft:iron_chestplate":2,"minecraft:charcoal":1,"minecraft:diamond_pickaxe":2,"minecraft:shield":2,"minecraft:stick":104,"minecraft:iron_ingot":122,"minecraft:iron_pickaxe":7,"minecraft:wooden_axe":1,"minecraft:stone_sword":1,"minecraft:iron_shovel":1,"minecraft:gold_ingot":15,"minecraft:iron_leggings":2,"minecraft:sandstone":52,"minecraft:stonecutter":1,"minecraft:torch":16},"minecraft:killed":{"minecraft:horse":2,"minecraft:skeleton":1,"minecraft:chicken":1,"minecraft:drowned":3,"minecraft:pig":6,"minecraft:creeper":1,"minecraft:sheep":9,"minecraft:zombie":9,"minecraft:cow":15},"minecraft:mined":{"minecraft:diamond_ore":39,"minecraft:spruce_planks":4,"minecraft:oak_door":1,"minecraft:obsidian":5,"minecraft:granite":55,"minecraft:grass_block":6,"minecraft:spruce_leaves":36,"minecraft:red_mushroom":1,"minecraft:sandstone":116,"minecraft:large_fern":5,"minecraft:hay_block":38,"minecraft:redstone_ore":35,"minecraft:furnace":16,"minecraft:iron_ore":128,"minecraft:andesite":212,"minecraft:stone":1705,"minecraft:smithing_table":2,"minecraft:brown_mushroom":2,"minecraft:red_bed":2,"minecraft:dandelion":3,"minecraft:crafting_table":26,"minecraft:torch":6,"minecraft:poppy":4,"minecraft:tall_grass":10,"minecraft:cobblestone":92,"minecraft:lapis_ore":22,"minecraft:lily_pad":3,"minecraft:oak_planks":1,"minecraft:sugar_cane":12,"minecraft:wall_torch":7,"minecraft:diorite":77,"minecraft:blue_bed":2,"minecraft:seagrass":2,"minecraft:sweet_berry_bush":13,"minecraft:spruce_log":254,"minecraft:warped_fungus":1,"minecraft:grass":70,"minecraft:coal_ore":149,"minecraft:oak_log":15,"minecraft:sand":424,"minecraft:sunflower":6,"minecraft:gravel":69,"minecraft:dirt":51,"minecraft:stone_bricks":16,"minecraft:netherrack":3,"minecraft:gold_ore":25,"minecraft:oak_leaves":2,"minecraft:fern":4,"minecraft:infested_stone":8},"minecraft:custom":{"minecraft:interact_with_smithing_table":1,"minecraft:mob_kills":48,"minecraft:interact_with_crafting_table":127,"minecraft:leave_game":20,"minecraft:time_since_death":74434,"minecraft:climb_one_cm":1103,"minecraft:damage_blocked_by_shield":225,"minecraft:sprint_one_cm":423376,"minecraft:walk_one_cm":774811,"minecraft:drop":133,"minecraft:sneak_time":6538,"minecraft:deaths":8,"minecraft:walk_under_water_one_cm":140202,"minecraft:boat_one_cm":308370,"minecraft:jump":5105,"minecraft:walk_on_water_one_cm":225516,"minecraft:interact_with_furnace":167,"minecraft:play_one_minute":385441,"minecraft:interact_with_stonecutter":5,"minecraft:sleep_in_bed":12,"minecraft:time_since_rest":41114,"minecraft:damage_taken":3481,"minecraft:damage_dealt":6929,"minecraft:swim_one_cm":14613,"minecraft:fly_one_cm":659469,"minecraft:open_chest":3,"minecraft:crouch_one_cm":10845,"minecraft:fall_one_cm":110463},"minecraft:killed_by":{"minecraft:player":4,"minecraft:drowned":1,"minecraft:piglin":1,"minecraft:skeleton":2}},"DataVersion":2586}