{"stats":{"minecraft:broken":{"minecraft:stone_pickaxe":2,"minecraft:iron_pickaxe":2},"minecraft:used":{"minecraft:water_bucket":5,"minecraft:diorite":5,"minecraft:stone_pickaxe":376,"minecraft:wooden_pickaxe":13,"minecraft:torch":9,"minecraft:crafting_table":9,"minecraft:granite":22,"minecraft:lava_bucket":3,"minecraft:iron_axe":11,"minecraft:iron_pickaxe":544,"minecraft:stone_axe":107,"minecraft:cobblestone":151,"minecraft:sweet_berries":19,"minecraft:furnace":6,"minecraft:bucket":9,"minecraft:andesite":4},"minecraft:picked_up":{"minecraft:crafting_table":8,"minecraft:andesite":40,"minecraft:lapis_lazuli":59,"minecraft:dirt":10,"minecraft:iron_ingot":1,"minecraft:stone_pickaxe":1,"minecraft:iron_ore":36,"minecraft:egg":1,"minecraft:furnace":6,"minecraft:sweet_berries":23,"minecraft:torch":7,"minecraft:gravel":4,"minecraft:spruce_sapling":2,"minecraft:diorite":19,"minecraft:spruce_log":87,"minecraft:gold_ore":10,"minecraft:redstone":5,"minecraft:diamond":2,"minecraft:granite":35,"minecraft:gold_ingot":1,"minecraft:coal":189,"minecraft:cobblestone":648},"minecraft:dropped":{"minecraft:gravel":3,"minecraft:stone_axe":1,"minecraft:cobblestone":201,"minecraft:granite":11,"minecraft:dirt":10,"minecraft:diorite":1,"minecraft:andesite":31,"minecraft:wooden_pickaxe":1,"minecraft:stone_pickaxe":1,"minecraft:spruce_sapling":2},"minecraft:crafted":{"minecraft:crafting_table":2,"minecraft:spruce_planks":80,"minecraft:wooden_pickaxe":1,"minecraft:iron_helmet":1,"minecraft:furnace":1,"minecraft:bucket":1,"minecraft:stone_axe":1,"minecraft:air":0,"minecraft:iron_boots":1,"minecraft:iron_chestplate":1,"minecraft:shield":1,"minecraft:iron_axe":1,"minecraft:stick":20,"minecraft:iron_ingot":33,"minecraft:iron_pickaxe":3,"minecraft:stone_pickaxe":3,"minecraft:gold_ingot":8,"minecraft:torch":4},"minecraft:mined":{"minecraft:diamond_ore":2,"minecraft:crafting_table":8,"minecraft:torch":5,"minecraft:granite":41,"minecraft:grass_block":1,"minecraft:cobblestone":10,"minecraft:spruce_leaves":11,"minecraft:lapis_ore":11,"minecraft:diorite":22,"minecraft:wall_torch":1,"minecraft:large_fern":1,"minecraft:redstone_ore":1,"minecraft:furnace":6,"minecraft:iron_ore":36,"minecraft:sweet_berry_bush":10,"minecraft:spruce_log":88,"minecraft:andesite":41,"minecraft:coal_ore":67,"minecraft:gravel":4,"minecraft:dirt":10,"minecraft:stone":672,"minecraft:gold_ore":9,"minecraft:fern":2},"minecraft:custom":{"minecraft:interact_with_furnace":39,"minecraft:interact_with_crafting_table":31,"minecraft:play_one_minute":70584,"minecraft:leave_game":7,"minecraft:time_since_death":68112,"minecraft:time_since_rest":68178,"minecraft:sprint_one_cm":21389,"minecraft:damage_taken":848,"minecraft:walk_one_cm":107375,"minecraft:drop":17,"minecraft:damage_dealt":231,"minecraft:fly_one_cm":22977,"minecraft:crouch_one_cm":2619,"minecraft:deaths":3,"minecraft:sneak_time":1191,"minecraft:walk_under_water_one_cm":1132,"minecraft:jump":551,"minecraft:walk_on_water_one_cm":10110,"minecraft:fall_one_cm":7243},"minecraft:killed_by":{"minecraft:player":3}},"DataVersion":2586}