{"stats":{"minecraft:broken":{"minecraft:stone_pickaxe":2,"minecraft:iron_pickaxe":3},"minecraft:used":{"minecraft:water_bucket":30,"minecraft:diorite":5,"minecraft:flint_and_steel":1,"minecraft:stone_pickaxe":376,"minecraft:wooden_pickaxe":13,"minecraft:shield":4,"minecraft:rotten_flesh":1,"minecraft:torch":12,"minecraft:dirt":3,"minecraft:crafting_table":14,"minecraft:granite":23,"minecraft:diamond_pickaxe":6,"minecraft:lava_bucket":17,"minecraft:iron_axe":39,"minecraft:iron_pickaxe":903,"minecraft:stone_axe":107,"minecraft:cobblestone":256,"minecraft:sweet_berries":44,"minecraft:furnace":9,"minecraft:bucket":49,"minecraft:andesite":4,"minecraft:egg":1},"minecraft:picked_up":{"minecraft:crafting_table":12,"minecraft:andesite":45,"minecraft:flint":1,"minecraft:lapis_lazuli":74,"minecraft:dirt":16,"minecraft:flint_and_steel":1,"minecraft:iron_ingot":1,"minecraft:stone_pickaxe":1,"minecraft:iron_ore":69,"minecraft:egg":1,"minecraft:furnace":9,"minecraft:sweet_berries":23,"minecraft:torch":8,"minecraft:gravel":20,"minecraft:spruce_sapling":2,"minecraft:diorite":25,"minecraft:spruce_log":87,"minecraft:redstone":82,"minecraft:gold_ore":18,"minecraft:rotten_flesh":1,"minecraft:diamond":15,"minecraft:granite":44,"minecraft:gold_ingot":2,"minecraft:obsidian":4,"minecraft:coal":192,"minecraft:cobblestone":893},"minecraft:dropped":{"minecraft:gravel":20,"minecraft:stone_axe":1,"minecraft:lapis_lazuli":10,"minecraft:cobblestone":445,"minecraft:granite":21,"minecraft:dirt":13,"minecraft:diorite":20,"minecraft:andesite":41,"minecraft:iron_ore":1,"minecraft:wooden_pickaxe":1,"minecraft:stone_pickaxe":1,"minecraft:spruce_sapling":2,"minecraft:redstone":18},"minecraft:crafted":{"minecraft:diamond_axe":1,"minecraft:crafting_table":3,"minecraft:spruce_planks":80,"minecraft:wooden_pickaxe":1,"minecraft:iron_helmet":1,"minecraft:furnace":1,"minecraft:bucket":1,"minecraft:stone_axe":1,"minecraft:air":0,"minecraft:flint_and_steel":1,"minecraft:iron_boots":1,"minecraft:iron_chestplate":1,"minecraft:diamond_pickaxe":1,"minecraft:shield":1,"minecraft:iron_axe":1,"minecraft:stick":28,"minecraft:iron_ingot":67,"minecraft:iron_pickaxe":4,"minecraft:stone_pickaxe":3,"minecraft:iron_leggings":1,"minecraft:gold_ingot":15,"minecraft:torch":4},"minecraft:killed":{"minecraft:zombie":3},"minecraft:mined":{"minecraft:diamond_ore":15,"minecraft:obsidian":5,"minecraft:crafting_table":13,"minecraft:torch":5,"minecraft:granite":50,"minecraft:grass_block":1,"minecraft:cobblestone":32,"minecraft:spruce_leaves":11,"minecraft:lapis_ore":13,"minecraft:diorite":29,"minecraft:wall_torch":1,"minecraft:large_fern":1,"minecraft:redstone_ore":21,"minecraft:furnace":9,"minecraft:iron_ore":69,"minecraft:sweet_berry_bush":10,"minecraft:spruce_log":88,"minecraft:andesite":46,"minecraft:coal_ore":69,"minecraft:gravel":22,"minecraft:dirt":13,"minecraft:stone":905,"minecraft:gold_ore":17,"minecraft:fern":2},"minecraft:custom":{"minecraft:interact_with_furnace":69,"minecraft:mob_kills":3,"minecraft:interact_with_crafting_table":45,"minecraft:play_one_minute":113350,"minecraft:leave_game":11,"minecraft:time_since_death":110878,"minecraft:time_since_rest":110944,"minecraft:sprint_one_cm":28002,"minecraft:damage_taken":1116,"minecraft:walk_one_cm":184099,"minecraft:damage_blocked_by_shield":150,"minecraft:drop":67,"minecraft:damage_dealt":690,"minecraft:fly_one_cm":35360,"minecraft:crouch_one_cm":5577,"minecraft:deaths":3,"minecraft:sneak_time":3624,"minecraft:walk_under_water_one_cm":2699,"minecraft:jump":951,"minecraft:walk_on_water_one_cm":26744,"minecraft:fall_one_cm":12350},"minecraft:killed_by":{"minecraft:player":3}},"DataVersion":2586}