{"stats":{"minecraft:broken":{"minecraft:stone_pickaxe":3,"minecraft:iron_pickaxe":3},"minecraft:used":{"minecraft:flint_and_steel":1,"minecraft:shield":4,"minecraft:iron_sword":63,"minecraft:rotten_flesh":1,"minecraft:netherrack":3,"minecraft:torch":12,"minecraft:dirt":24,"minecraft:granite":23,"minecraft:lava_bucket":17,"minecraft:iron_axe":140,"minecraft:sweet_berries":47,"minecraft:furnace":12,"minecraft:egg":1,"minecraft:cooked_beef":2,"minecraft:water_bucket":30,"minecraft:diorite":8,"minecraft:stone_pickaxe":546,"minecraft:wooden_pickaxe":34,"minecraft:crafting_table":21,"minecraft:red_bed":1,"minecraft:mushroom_stew":1,"minecraft:diamond_pickaxe":6,"minecraft:iron_pickaxe":1143,"minecraft:gravel":2,"minecraft:stone_axe":204,"minecraft:cobblestone":325,"minecraft:porkchop":1,"minecraft:andesite":9,"minecraft:bucket":50,"minecraft:dandelion":1},"minecraft:picked_up":{"minecraft:crafting_table":17,"minecraft:iron_chestplate":1,"minecraft:brown_mushroom":1,"minecraft:shield":1,"minecraft:red_bed":1,"minecraft:iron_axe":1,"minecraft:flint_and_steel":4,"minecraft:bucket":1,"minecraft:spruce_planks":58,"minecraft:beef":18,"minecraft:poppy":3,"minecraft:iron_pickaxe":2,"minecraft:light_gray_wool":2,"minecraft:egg":1,"minecraft:furnace":13,"minecraft:iron_boots":1,"minecraft:stick":23,"minecraft:torch":8,"minecraft:porkchop":13,"minecraft:diorite":58,"minecraft:redstone":118,"minecraft:rotten_flesh":3,"minecraft:gold_ingot":2,"minecraft:obsidian":4,"minecraft:mutton":11,"minecraft:white_wool":5,"minecraft:cobblestone":1216,"minecraft:andesite":68,"minecraft:brown_wool":1,"minecraft:leather":12,"minecraft:red_mushroom":1,"minecraft:flint":2,"minecraft:lapis_lazuli":74,"minecraft:dirt":40,"minecraft:bone":4,"minecraft:wheat_seeds":8,"minecraft:iron_ingot":5,"minecraft:stone_pickaxe":2,"minecraft:iron_ore":121,"minecraft:iron_sword":1,"minecraft:warped_fungus":1,"minecraft:cooked_porkchop":1,"minecraft:sweet_berries":25,"minecraft:dandelion":1,"minecraft:gravel":27,"minecraft:spruce_sapling":8,"minecraft:spruce_log":240,"minecraft:gold_ore":18,"minecraft:diamond":19,"minecraft:stone_axe":2,"minecraft:iron_helmet":1,"minecraft:granite":47,"minecraft:gray_wool":1,"minecraft:netherrack":3,"minecraft:black_wool":1,"minecraft:coal":232,"minecraft:sunflower":1},"minecraft:dropped":{"minecraft:wheat_seeds":8,"minecraft:lapis_lazuli":10,"minecraft:cobblestone":506,"minecraft:granite":24,"minecraft:dirt":16,"minecraft:gray_wool":1,"minecraft:diorite":50,"minecraft:brown_wool":1,"minecraft:sunflower":1,"minecraft:iron_pickaxe":2,"minecraft:white_wool":2,"minecraft:spruce_sapling":8,"minecraft:redstone":18,"minecraft:gravel":25,"minecraft:stone_axe":5,"minecraft:rotten_flesh":2,"minecraft:light_gray_wool":2,"minecraft:flint_and_steel":2,"minecraft:spruce_planks":1,"minecraft:andesite":59,"minecraft:iron_ore":1,"minecraft:stone_pickaxe":3,"minecraft:wooden_pickaxe":2,"minecraft:black_wool":1},"minecraft:crafted":{"minecraft:furnace":2,"minecraft:mushroom_stew":1,"minecraft:flint_and_steel":2,"minecraft:iron_boots":2,"minecraft:iron_axe":2,"minecraft:stone_pickaxe":5,"minecraft:cooked_beef":18,"minecraft:red_dye":3,"minecraft:cooked_porkchop":11,"minecraft:diamond_axe":1,"minecraft:crafting_table":6,"minecraft:spruce_planks":180,"minecraft:wooden_pickaxe":2,"minecraft:iron_helmet":2,"minecraft:iron_sword":1,"minecraft:bowl":4,"minecraft:red_bed":1,"minecraft:red_wool":3,"minecraft:bucket":2,"minecraft:stone_axe":3,"minecraft:air":0,"minecraft:iron_chestplate":2,"minecraft:diamond_pickaxe":2,"minecraft:shield":2,"minecraft:stick":68,"minecraft:iron_ingot":119,"minecraft:iron_pickaxe":6,"minecraft:iron_shovel":1,"minecraft:gold_ingot":15,"minecraft:iron_leggings":2,"minecraft:torch":4},"minecraft:killed":{"minecraft:horse":2,"minecraft:skeleton":1,"minecraft:pig":6,"minecraft:sheep":8,"minecraft:zombie":4,"minecraft:cow":10},"minecraft:mined":{"minecraft:diamond_ore":19,"minecraft:obsidian":5,"minecraft:granite":53,"minecraft:grass_block":4,"minecraft:spruce_leaves":24,"minecraft:red_mushroom":1,"minecraft:large_fern":3,"minecraft:redstone_ore":29,"minecraft:furnace":12,"minecraft:iron_ore":121,"minecraft:andesite":69,"minecraft:stone":1162,"minecraft:brown_mushroom":2,"minecraft:red_bed":1,"minecraft:dandelion":1,"minecraft:crafting_table":17,"minecraft:torch":5,"minecraft:poppy":4,"minecraft:cobblestone":32,"minecraft:tall_grass":6,"minecraft:lapis_ore":13,"minecraft:diorite":64,"minecraft:wall_torch":1,"minecraft:sweet_berry_bush":11,"minecraft:spruce_log":179,"minecraft:warped_fungus":1,"minecraft:grass":50,"minecraft:coal_ore":89,"minecraft:dirt":18,"minecraft:sunflower":2,"minecraft:gravel":31,"minecraft:netherrack":3,"minecraft:gold_ore":17,"minecraft:fern":2,"minecraft:infested_stone":8},"minecraft:custom":{"minecraft:mob_kills":31,"minecraft:interact_with_crafting_table":75,"minecraft:leave_game":14,"minecraft:time_since_death":25382,"minecraft:sprint_one_cm":108529,"minecraft:walk_one_cm":291597,"minecraft:damage_blocked_by_shield":150,"minecraft:drop":110,"minecraft:deaths":6,"minecraft:sneak_time":4385,"minecraft:walk_under_water_one_cm":3484,"minecraft:jump":1902,"minecraft:walk_on_water_one_cm":33580,"minecraft:interact_with_furnace":126,"minecraft:play_one_minute":174399,"minecraft:sleep_in_bed":3,"minecraft:time_since_rest":10374,"minecraft:damage_taken":1774,"minecraft:damage_dealt":3769,"minecraft:fly_one_cm":153411,"minecraft:crouch_one_cm":7785,"minecraft:fall_one_cm":31481},"minecraft:killed_by":{"minecraft:player":3,"minecraft:piglin":1,"minecraft:skeleton":2}},"DataVersion":2586}