{"stats":{"minecraft:broken":{"minecraft:stone_pickaxe":3,"minecraft:iron_pickaxe":4},"minecraft:used":{"minecraft:iron_shovel":24,"minecraft:flint_and_steel":1,"minecraft:spruce_planks":3,"minecraft:shield":5,"minecraft:iron_sword":63,"minecraft:rotten_flesh":1,"minecraft:netherrack":3,"minecraft:torch":14,"minecraft:dirt":29,"minecraft:mutton":2,"minecraft:granite":23,"minecraft:spruce_boat":5,"minecraft:wooden_axe":24,"minecraft:lava_bucket":17,"minecraft:iron_axe":142,"minecraft:beef":3,"minecraft:sweet_berries":47,"minecraft:furnace":13,"minecraft:egg":1,"minecraft:cooked_beef":7,"minecraft:water_bucket":35,"minecraft:diorite":16,"minecraft:stone_pickaxe":546,"minecraft:wooden_pickaxe":34,"minecraft:diamond_axe":2,"minecraft:crafting_table":28,"minecraft:red_bed":2,"minecraft:mushroom_stew":1,"minecraft:diamond_pickaxe":27,"minecraft:iron_pickaxe":1388,"minecraft:gravel":13,"minecraft:stone_axe":204,"minecraft:diamond_sword":68,"minecraft:cobblestone":411,"minecraft:porkchop":1,"minecraft:andesite":9,"minecraft:bucket":55,"minecraft:oak_boat":2,"minecraft:dandelion":1},"minecraft:picked_up":{"minecraft:iron_chestplate":1,"minecraft:crafting_table":21,"minecraft:brown_mushroom":1,"minecraft:shield":1,"minecraft:wooden_sword":1,"minecraft:red_bed":2,"minecraft:iron_axe":1,"minecraft:flint_and_steel":4,"minecraft:bucket":1,"minecraft:spruce_planks":58,"minecraft:beef":21,"minecraft:oak_boat":1,"minecraft:poppy":3,"minecraft:iron_pickaxe":2,"minecraft:light_gray_wool":2,"minecraft:furnace":14,"minecraft:iron_boots":1,"minecraft:egg":1,"minecraft:stick":23,"minecraft:torch":8,"minecraft:porkchop":13,"minecraft:diorite":66,"minecraft:redstone":145,"minecraft:rotten_flesh":7,"minecraft:hay_block":20,"minecraft:gold_ingot":2,"minecraft:obsidian":4,"minecraft:mutton":13,"minecraft:white_wool":6,"minecraft:cobblestone":1451,"minecraft:andesite":68,"minecraft:brown_wool":1,"minecraft:leather":13,"minecraft:red_mushroom":1,"minecraft:flint":2,"minecraft:oak_log":9,"minecraft:lily_pad":25,"minecraft:lapis_lazuli":127,"minecraft:dirt":87,"minecraft:bone":4,"minecraft:wheat_seeds":8,"minecraft:stone_pickaxe":2,"minecraft:iron_ingot":5,"minecraft:iron_ore":121,"minecraft:iron_sword":1,"minecraft:warped_fungus":1,"minecraft:cooked_porkchop":1,"minecraft:sweet_berries":25,"minecraft:dandelion":1,"minecraft:gravel":38,"minecraft:sand":3,"minecraft:spruce_sapling":8,"minecraft:spruce_log":245,"minecraft:gold_ore":26,"minecraft:diamond":39,"minecraft:spruce_boat":5,"minecraft:stone_axe":2,"minecraft:iron_helmet":1,"minecraft:granite":51,"minecraft:gray_wool":1,"minecraft:netherrack":3,"minecraft:black_wool":1,"minecraft:coal":252,"minecraft:sunflower":4},"minecraft:dropped":{"minecraft:iron_sword":1,"minecraft:wheat_seeds":8,"minecraft:lapis_lazuli":10,"minecraft:iron_helmet":1,"minecraft:cobblestone":610,"minecraft:granite":28,"minecraft:dirt":58,"minecraft:gray_wool":1,"minecraft:diorite":50,"minecraft:brown_wool":1,"minecraft:sunflower":1,"minecraft:iron_axe":1,"minecraft:iron_pickaxe":2,"minecraft:white_wool":2,"minecraft:spruce_sapling":8,"minecraft:redstone":18,"minecraft:gravel":25,"minecraft:stone_axe":5,"minecraft:rotten_flesh":2,"minecraft:light_gray_wool":2,"minecraft:iron_boots":1,"minecraft:flint_and_steel":2,"minecraft:spruce_planks":1,"minecraft:andesite":59,"minecraft:iron_ore":1,"minecraft:wooden_pickaxe":2,"minecraft:stone_pickaxe":3,"minecraft:black_wool":1},"minecraft:crafted":{"minecraft:wooden_sword":1,"minecraft:oak_planks":32,"minecraft:furnace":2,"minecraft:mushroom_stew":1,"minecraft:flint_and_steel":2,"minecraft:diamond_helmet":1,"minecraft:iron_boots":2,"minecraft:iron_axe":2,"minecraft:stone_pickaxe":5,"minecraft:diamond_boots":1,"minecraft:spruce_boat":2,"minecraft:wheat":180,"minecraft:cooked_beef":18,"minecraft:red_dye":3,"minecraft:diamond_sword":1,"minecraft:cooked_porkchop":11,"minecraft:diamond_axe":2,"minecraft:crafting_table":10,"minecraft:spruce_planks":200,"minecraft:wooden_pickaxe":3,"minecraft:iron_helmet":2,"minecraft:iron_sword":1,"minecraft:bowl":4,"minecraft:red_bed":1,"minecraft:red_wool":3,"minecraft:bucket":2,"minecraft:stone_axe":3,"minecraft:air":0,"minecraft:oak_boat":1,"minecraft:iron_chestplate":2,"minecraft:diamond_pickaxe":2,"minecraft:shield":2,"minecraft:stick":76,"minecraft:iron_ingot":119,"minecraft:iron_pickaxe":6,"minecraft:wooden_axe":1,"minecraft:iron_leggings":2,"minecraft:iron_shovel":1,"minecraft:gold_ingot":15,"minecraft:torch":8},"minecraft:killed":{"minecraft:horse":2,"minecraft:skeleton":1,"minecraft:drowned":2,"minecraft:pig":6,"minecraft:sheep":9,"minecraft:zombie":6,"minecraft:cow":12},"minecraft:mined":{"minecraft:diamond_ore":39,"minecraft:obsidian":5,"minecraft:granite":55,"minecraft:grass_block":5,"minecraft:spruce_leaves":24,"minecraft:red_mushroom":1,"minecraft:large_fern":3,"minecraft:hay_block":20,"minecraft:redstone_ore":35,"minecraft:furnace":13,"minecraft:iron_ore":121,"minecraft:andesite":69,"minecraft:stone":1346,"minecraft:brown_mushroom":2,"minecraft:red_bed":2,"minecraft:dandelion":1,"minecraft:crafting_table":21,"minecraft:torch":5,"minecraft:poppy":4,"minecraft:tall_grass":8,"minecraft:cobblestone":34,"minecraft:lapis_ore":22,"minecraft:diorite":72,"minecraft:wall_torch":1,"minecraft:sweet_berry_bush":11,"minecraft:spruce_log":184,"minecraft:warped_fungus":1,"minecraft:grass":61,"minecraft:oak_log":8,"minecraft:coal_ore":104,"minecraft:sunflower":6,"minecraft:gravel":41,"minecraft:sand":3,"minecraft:dirt":39,"minecraft:netherrack":3,"minecraft:oak_leaves":2,"minecraft:gold_ore":25,"minecraft:infested_stone":8,"minecraft:fern":3},"minecraft:custom":{"minecraft:mob_kills":39,"minecraft:interact_with_crafting_table":88,"minecraft:leave_game":17,"minecraft:time_since_death":19974,"minecraft:sprint_one_cm":236693,"minecraft:walk_one_cm":392388,"minecraft:damage_blocked_by_shield":225,"minecraft:drop":120,"minecraft:deaths":7,"minecraft:sneak_time":5348,"minecraft:walk_under_water_one_cm":10962,"minecraft:boat_one_cm":150699,"minecraft:jump":3156,"minecraft:walk_on_water_one_cm":51259,"minecraft:interact_with_furnace":130,"minecraft:play_one_minute":233579,"minecraft:sleep_in_bed":7,"minecraft:time_since_rest":20066,"minecraft:damage_taken":2476,"minecraft:damage_dealt":5124,"minecraft:fly_one_cm":377197,"minecraft:open_chest":1,"minecraft:crouch_one_cm":9426,"minecraft:fall_one_cm":65703},"minecraft:killed_by":{"minecraft:player":4,"minecraft:piglin":1,"minecraft:skeleton":2}},"DataVersion":2586}