{"stats":{"minecraft:broken":{"minecraft:stone_pickaxe":3,"minecraft:iron_pickaxe":4},"minecraft:used":{"minecraft:iron_shovel":20,"minecraft:flint_and_steel":1,"minecraft:shield":4,"minecraft:iron_sword":63,"minecraft:rotten_flesh":1,"minecraft:netherrack":3,"minecraft:torch":12,"minecraft:dirt":24,"minecraft:granite":23,"minecraft:lava_bucket":17,"minecraft:iron_axe":142,"minecraft:sweet_berries":47,"minecraft:furnace":13,"minecraft:egg":1,"minecraft:cooked_beef":2,"minecraft:water_bucket":30,"minecraft:diorite":10,"minecraft:stone_pickaxe":546,"minecraft:wooden_pickaxe":34,"minecraft:crafting_table":23,"minecraft:red_bed":1,"minecraft:mushroom_stew":1,"minecraft:diamond_pickaxe":9,"minecraft:iron_pickaxe":1388,"minecraft:gravel":13,"minecraft:stone_axe":204,"minecraft:cobblestone":352,"minecraft:porkchop":1,"minecraft:andesite":9,"minecraft:bucket":50,"minecraft:dandelion":1},"minecraft:picked_up":{"minecraft:crafting_table":19,"minecraft:iron_chestplate":1,"minecraft:brown_mushroom":1,"minecraft:shield":1,"minecraft:red_bed":1,"minecraft:iron_axe":1,"minecraft:flint_and_steel":4,"minecraft:bucket":1,"minecraft:spruce_planks":58,"minecraft:beef":18,"minecraft:poppy":3,"minecraft:iron_pickaxe":2,"minecraft:light_gray_wool":2,"minecraft:egg":1,"minecraft:furnace":14,"minecraft:iron_boots":1,"minecraft:stick":23,"minecraft:torch":8,"minecraft:porkchop":13,"minecraft:diorite":60,"minecraft:redstone":145,"minecraft:rotten_flesh":3,"minecraft:gold_ingot":2,"minecraft:obsidian":4,"minecraft:mutton":11,"minecraft:white_wool":5,"minecraft:cobblestone":1439,"minecraft:andesite":68,"minecraft:brown_wool":1,"minecraft:leather":12,"minecraft:red_mushroom":1,"minecraft:flint":2,"minecraft:lapis_lazuli":127,"minecraft:dirt":82,"minecraft:bone":4,"minecraft:wheat_seeds":8,"minecraft:iron_ingot":5,"minecraft:stone_pickaxe":2,"minecraft:iron_ore":121,"minecraft:iron_sword":1,"minecraft:warped_fungus":1,"minecraft:cooked_porkchop":1,"minecraft:sweet_berries":25,"minecraft:dandelion":1,"minecraft:gravel":38,"minecraft:spruce_sapling":8,"minecraft:spruce_log":240,"minecraft:gold_ore":26,"minecraft:diamond":39,"minecraft:stone_axe":2,"minecraft:iron_helmet":1,"minecraft:granite":51,"minecraft:gray_wool":1,"minecraft:netherrack":3,"minecraft:black_wool":1,"minecraft:coal":252,"minecraft:sunflower":1},"minecraft:dropped":{"minecraft:iron_sword":1,"minecraft:wheat_seeds":8,"minecraft:lapis_lazuli":10,"minecraft:iron_helmet":1,"minecraft:cobblestone":610,"minecraft:granite":28,"minecraft:dirt":58,"minecraft:gray_wool":1,"minecraft:diorite":50,"minecraft:brown_wool":1,"minecraft:sunflower":1,"minecraft:iron_axe":1,"minecraft:iron_pickaxe":2,"minecraft:white_wool":2,"minecraft:spruce_sapling":8,"minecraft:redstone":18,"minecraft:gravel":25,"minecraft:stone_axe":5,"minecraft:rotten_flesh":2,"minecraft:light_gray_wool":2,"minecraft:iron_boots":1,"minecraft:flint_and_steel":2,"minecraft:spruce_planks":1,"minecraft:andesite":59,"minecraft:iron_ore":1,"minecraft:stone_pickaxe":3,"minecraft:wooden_pickaxe":2,"minecraft:black_wool":1},"minecraft:crafted":{"minecraft:furnace":2,"minecraft:mushroom_stew":1,"minecraft:flint_and_steel":2,"minecraft:diamond_helmet":1,"minecraft:iron_boots":2,"minecraft:iron_axe":2,"minecraft:stone_pickaxe":5,"minecraft:diamond_boots":1,"minecraft:cooked_beef":18,"minecraft:red_dye":3,"minecraft:diamond_sword":1,"minecraft:cooked_porkchop":11,"minecraft:diamond_axe":2,"minecraft:crafting_table":6,"minecraft:spruce_planks":180,"minecraft:wooden_pickaxe":2,"minecraft:iron_helmet":2,"minecraft:iron_sword":1,"minecraft:bowl":4,"minecraft:red_bed":1,"minecraft:red_wool":3,"minecraft:bucket":2,"minecraft:stone_axe":3,"minecraft:air":0,"minecraft:iron_chestplate":2,"minecraft:diamond_pickaxe":2,"minecraft:shield":2,"minecraft:stick":68,"minecraft:iron_ingot":119,"minecraft:iron_pickaxe":6,"minecraft:iron_shovel":1,"minecraft:gold_ingot":15,"minecraft:iron_leggings":2,"minecraft:torch":8},"minecraft:killed":{"minecraft:horse":2,"minecraft:skeleton":1,"minecraft:pig":6,"minecraft:sheep":8,"minecraft:zombie":4,"minecraft:cow":10},"minecraft:mined":{"minecraft:diamond_ore":39,"minecraft:obsidian":5,"minecraft:granite":55,"minecraft:grass_block":4,"minecraft:spruce_leaves":24,"minecraft:red_mushroom":1,"minecraft:large_fern":3,"minecraft:redstone_ore":35,"minecraft:furnace":13,"minecraft:iron_ore":121,"minecraft:andesite":69,"minecraft:stone":1335,"minecraft:brown_mushroom":2,"minecraft:red_bed":1,"minecraft:dandelion":1,"minecraft:crafting_table":19,"minecraft:torch":5,"minecraft:poppy":4,"minecraft:cobblestone":33,"minecraft:tall_grass":6,"minecraft:lapis_ore":22,"minecraft:diorite":66,"minecraft:wall_torch":1,"minecraft:sweet_berry_bush":11,"minecraft:spruce_log":179,"minecraft:warped_fungus":1,"minecraft:grass":50,"minecraft:coal_ore":104,"minecraft:dirt":39,"minecraft:sunflower":2,"minecraft:gravel":41,"minecraft:netherrack":3,"minecraft:gold_ore":25,"minecraft:fern":2,"minecraft:infested_stone":8},"minecraft:custom":{"minecraft:mob_kills":31,"minecraft:interact_with_crafting_table":78,"minecraft:leave_game":14,"minecraft:time_since_death":37382,"minecraft:sprint_one_cm":108529,"minecraft:walk_one_cm":304033,"minecraft:damage_blocked_by_shield":150,"minecraft:drop":120,"minecraft:deaths":6,"minecraft:sneak_time":4833,"minecraft:walk_under_water_one_cm":3484,"minecraft:jump":1977,"minecraft:walk_on_water_one_cm":33580,"minecraft:interact_with_furnace":130,"minecraft:play_one_minute":186399,"minecraft:sleep_in_bed":3,"minecraft:time_since_rest":22374,"minecraft:damage_taken":1774,"minecraft:damage_dealt":3769,"minecraft:fly_one_cm":153411,"minecraft:crouch_one_cm":8131,"minecraft:fall_one_cm":31961},"minecraft:killed_by":{"minecraft:player":3,"minecraft:piglin":1,"minecraft:skeleton":2}},"DataVersion":2586}