{"stats":{"minecraft:broken":{"minecraft:wooden_pickaxe":1,"minecraft:stone_pickaxe":4,"minecraft:wooden_sword":1,"minecraft:iron_pickaxe":4,"minecraft:wooden_axe":1},"minecraft:used":{"minecraft:stone_sword":36,"minecraft:iron_shovel":24,"minecraft:flint_and_steel":1,"minecraft:stone_shovel":63,"minecraft:spruce_planks":4,"minecraft:shield":5,"minecraft:iron_sword":63,"minecraft:rotten_flesh":1,"minecraft:netherrack":3,"minecraft:oak_door":3,"minecraft:torch":21,"minecraft:dirt":29,"minecraft:mutton":2,"minecraft:granite":23,"minecraft:glass":6,"minecraft:wooden_axe":51,"minecraft:spruce_boat":13,"minecraft:lava_bucket":17,"minecraft:iron_axe":142,"minecraft:beef":8,"minecraft:sweet_berries":47,"minecraft:furnace":16,"minecraft:egg":2,"minecraft:cooked_beef":7,"minecraft:water_bucket":35,"minecraft:diorite":16,"minecraft:stone_pickaxe":732,"minecraft:ender_pearl":1,"minecraft:wooden_pickaxe":93,"minecraft:sandstone":41,"minecraft:stonecutter":1,"minecraft:spruce_sign":3,"minecraft:blue_bed":1,"minecraft:diamond_axe":2,"minecraft:sand":41,"minecraft:crafting_table":34,"minecraft:red_bed":2,"minecraft:mushroom_stew":1,"minecraft:spruce_log":25,"minecraft:diamond_pickaxe":27,"minecraft:iron_pickaxe":1388,"minecraft:bread":17,"minecraft:gravel":26,"minecraft:stone_axe":314,"minecraft:diamond_sword":68,"minecraft:wooden_sword":42,"minecraft:cobblestone":429,"minecraft:porkchop":1,"minecraft:smithing_table":1,"minecraft:andesite":16,"minecraft:bucket":55,"minecraft:oak_boat":2,"minecraft:dandelion":2},"minecraft:picked_up":{"minecraft:iron_chestplate":1,"minecraft:crafting_table":25,"minecraft:chicken":1,"minecraft:smithing_table":2,"minecraft:brown_mushroom":1,"minecraft:shield":1,"minecraft:red_bed":2,"minecraft:iron_axe":1,"minecraft:wooden_sword":1,"minecraft:flint_and_steel":4,"minecraft:bucket":1,"minecraft:spruce_planks":58,"minecraft:beef":26,"minecraft:oak_boat":1,"minecraft:poppy":3,"minecraft:iron_pickaxe":2,"minecraft:light_gray_wool":2,"minecraft:sugar_cane":16,"minecraft:furnace":16,"minecraft:iron_boots":1,"minecraft:egg":2,"minecraft:stick":23,"minecraft:sandstone":31,"minecraft:oak_door":1,"minecraft:torch":11,"minecraft:porkchop":13,"minecraft:diorite":66,"minecraft:redstone":145,"minecraft:rotten_flesh":9,"minecraft:hay_block":38,"minecraft:gold_ingot":2,"minecraft:obsidian":4,"minecraft:mutton":13,"minecraft:white_wool":7,"minecraft:cobblestone":1603,"minecraft:feather":1,"minecraft:andesite":86,"minecraft:brown_wool":1,"minecraft:leather":17,"minecraft:red_mushroom":1,"minecraft:flint":2,"minecraft:oak_log":16,"minecraft:lily_pad":31,"minecraft:gunpowder":1,"minecraft:blue_bed":1,"minecraft:lapis_lazuli":127,"minecraft:dirt":88,"minecraft:bone":6,"minecraft:kelp":1,"minecraft:wheat_seeds":10,"minecraft:iron_ingot":5,"minecraft:stone_pickaxe":3,"minecraft:iron_ore":121,"minecraft:iron_sword":1,"minecraft:warped_fungus":1,"minecraft:cooked_porkchop":1,"minecraft:sweet_berries":28,"minecraft:dandelion":2,"minecraft:gravel":56,"minecraft:sand":114,"minecraft:spruce_sapling":9,"minecraft:spruce_log":313,"minecraft:gold_ore":26,"minecraft:diamond":39,"minecraft:spruce_boat":12,"minecraft:stone_axe":4,"minecraft:iron_helmet":1,"minecraft:granite":51,"minecraft:gray_wool":1,"minecraft:netherrack":3,"minecraft:black_wool":1,"minecraft:coal":261,"minecraft:sunflower":4,"minecraft:ender_pearl":1},"minecraft:dropped":{"minecraft:iron_sword":1,"minecraft:wheat_seeds":10,"minecraft:lapis_lazuli":10,"minecraft:feather":1,"minecraft:iron_helmet":1,"minecraft:cobblestone":610,"minecraft:granite":28,"minecraft:dirt":59,"minecraft:gray_wool":1,"minecraft:diorite":50,"minecraft:brown_wool":1,"minecraft:sunflower":4,"minecraft:iron_axe":1,"minecraft:iron_pickaxe":2,"minecraft:lily_pad":31,"minecraft:white_wool":2,"minecraft:spruce_sapling":9,"minecraft:redstone":18,"minecraft:oak_door":4,"minecraft:gravel":25,"minecraft:stone_axe":7,"minecraft:kelp":1,"minecraft:rotten_flesh":4,"minecraft:light_gray_wool":2,"minecraft:iron_boots":1,"minecraft:flint_and_steel":2,"minecraft:gunpowder":1,"minecraft:spruce_planks":1,"minecraft:andesite":70,"minecraft:iron_ore":1,"minecraft:wooden_pickaxe":2,"minecraft:stone_pickaxe":3,"minecraft:black_wool":1},"minecraft:crafted":{"minecraft:wooden_sword":1,"minecraft:oak_door":6,"minecraft:smooth_stone":5,"minecraft:oak_planks":60,"minecraft:stone_shovel":1,"minecraft:furnace":3,"minecraft:stone":9,"minecraft:mushroom_stew":1,"minecraft:flint_and_steel":2,"minecraft:glass":8,"minecraft:diamond_helmet":1,"minecraft:iron_boots":2,"minecraft:iron_axe":2,"minecraft:stone_pickaxe":7,"minecraft:diamond_boots":1,"minecraft:spruce_boat":2,"minecraft:wheat":342,"minecraft:cooked_beef":18,"minecraft:red_dye":3,"minecraft:diamond_sword":1,"minecraft:spruce_sign":3,"minecraft:cooked_porkchop":11,"minecraft:diamond_axe":2,"minecraft:crafting_table":12,"minecraft:spruce_planks":216,"minecraft:wooden_pickaxe":3,"minecraft:iron_helmet":2,"minecraft:iron_sword":1,"minecraft:bowl":4,"minecraft:red_bed":1,"minecraft:red_wool":3,"minecraft:bucket":2,"minecraft:stone_axe":5,"minecraft:bread":54,"minecraft:air":0,"minecraft:oak_boat":1,"minecraft:iron_chestplate":2,"minecraft:diamond_pickaxe":2,"minecraft:charcoal":1,"minecraft:shield":2,"minecraft:stick":104,"minecraft:iron_ingot":119,"minecraft:iron_pickaxe":6,"minecraft:wooden_axe":1,"minecraft:stone_sword":1,"minecraft:iron_shovel":1,"minecraft:iron_leggings":2,"minecraft:gold_ingot":15,"minecraft:sandstone":13,"minecraft:stonecutter":1,"minecraft:torch":12},"minecraft:killed":{"minecraft:horse":2,"minecraft:skeleton":1,"minecraft:chicken":1,"minecraft:drowned":3,"minecraft:pig":6,"minecraft:creeper":1,"minecraft:sheep":9,"minecraft:zombie":9,"minecraft:cow":15},"minecraft:mined":{"minecraft:diamond_ore":39,"minecraft:oak_door":1,"minecraft:obsidian":5,"minecraft:granite":55,"minecraft:grass_block":6,"minecraft:spruce_leaves":36,"minecraft:red_mushroom":1,"minecraft:sandstone":32,"minecraft:large_fern":5,"minecraft:hay_block":38,"minecraft:redstone_ore":35,"minecraft:furnace":15,"minecraft:iron_ore":121,"minecraft:andesite":87,"minecraft:stone":1481,"minecraft:smithing_table":2,"minecraft:brown_mushroom":2,"minecraft:red_bed":2,"minecraft:dandelion":3,"minecraft:crafting_table":25,"minecraft:torch":5,"minecraft:poppy":4,"minecraft:tall_grass":10,"minecraft:cobblestone":52,"minecraft:lapis_ore":22,"minecraft:lily_pad":3,"minecraft:sugar_cane":12,"minecraft:blue_bed":1,"minecraft:diorite":72,"minecraft:wall_torch":4,"minecraft:sweet_berry_bush":13,"minecraft:spruce_log":251,"minecraft:warped_fungus":1,"minecraft:grass":70,"minecraft:oak_log":15,"minecraft:coal_ore":113,"minecraft:sand":116,"minecraft:sunflower":6,"minecraft:gravel":59,"minecraft:dirt":39,"minecraft:netherrack":3,"minecraft:gold_ore":25,"minecraft:oak_leaves":2,"minecraft:infested_stone":8,"minecraft:fern":4},"minecraft:custom":{"minecraft:interact_with_smithing_table":1,"minecraft:mob_kills":48,"minecraft:interact_with_crafting_table":113,"minecraft:leave_game":18,"minecraft:time_since_death":96845,"minecraft:climb_one_cm":1103,"minecraft:sprint_one_cm":392050,"minecraft:damage_blocked_by_shield":225,"minecraft:walk_one_cm":581858,"minecraft:drop":133,"minecraft:deaths":7,"minecraft:sneak_time":6143,"minecraft:walk_under_water_one_cm":53553,"minecraft:boat_one_cm":298495,"minecraft:jump":4714,"minecraft:walk_on_water_one_cm":111371,"minecraft:interact_with_furnace":150,"minecraft:play_one_minute":310450,"minecraft:interact_with_stonecutter":1,"minecraft:sleep_in_bed":11,"minecraft:time_since_rest":0,"minecraft:damage_taken":3201,"minecraft:damage_dealt":6887,"minecraft:swim_one_cm":5739,"minecraft:fly_one_cm":650341,"minecraft:open_chest":2,"minecraft:crouch_one_cm":10798,"minecraft:fall_one_cm":108672},"minecraft:killed_by":{"minecraft:player":4,"minecraft:piglin":1,"minecraft:skeleton":2}},"DataVersion":2586}