{"stats":{"minecraft:broken":{"minecraft:wooden_pickaxe":1,"minecraft:stone_pickaxe":3,"minecraft:wooden_sword":1,"minecraft:iron_pickaxe":4,"minecraft:wooden_axe":1},"minecraft:used":{"minecraft:stone_sword":36,"minecraft:iron_shovel":24,"minecraft:flint_and_steel":1,"minecraft:stone_shovel":25,"minecraft:spruce_planks":4,"minecraft:shield":5,"minecraft:iron_sword":63,"minecraft:rotten_flesh":1,"minecraft:netherrack":3,"minecraft:oak_door":3,"minecraft:torch":14,"minecraft:dirt":29,"minecraft:mutton":2,"minecraft:granite":23,"minecraft:glass":6,"minecraft:spruce_boat":13,"minecraft:wooden_axe":51,"minecraft:lava_bucket":17,"minecraft:iron_axe":142,"minecraft:beef":8,"minecraft:sweet_berries":47,"minecraft:furnace":14,"minecraft:egg":2,"minecraft:cooked_beef":7,"minecraft:water_bucket":35,"minecraft:diorite":16,"minecraft:stone_pickaxe":657,"minecraft:ender_pearl":1,"minecraft:wooden_pickaxe":93,"minecraft:sandstone":34,"minecraft:diamond_axe":2,"minecraft:sand":41,"minecraft:crafting_table":32,"minecraft:red_bed":2,"minecraft:mushroom_stew":1,"minecraft:diamond_pickaxe":27,"minecraft:bread":15,"minecraft:iron_pickaxe":1388,"minecraft:gravel":13,"minecraft:stone_axe":309,"minecraft:diamond_sword":68,"minecraft:wooden_sword":42,"minecraft:cobblestone":429,"minecraft:porkchop":1,"minecraft:smithing_table":1,"minecraft:andesite":16,"minecraft:bucket":55,"minecraft:oak_boat":2,"minecraft:dandelion":2},"minecraft:picked_up":{"minecraft:iron_chestplate":1,"minecraft:crafting_table":23,"minecraft:chicken":1,"minecraft:smithing_table":2,"minecraft:brown_mushroom":1,"minecraft:shield":1,"minecraft:wooden_sword":1,"minecraft:red_bed":2,"minecraft:iron_axe":1,"minecraft:flint_and_steel":4,"minecraft:bucket":1,"minecraft:spruce_planks":58,"minecraft:beef":26,"minecraft:oak_boat":1,"minecraft:poppy":3,"minecraft:iron_pickaxe":2,"minecraft:light_gray_wool":2,"minecraft:sugar_cane":16,"minecraft:furnace":14,"minecraft:iron_boots":1,"minecraft:egg":2,"minecraft:sandstone":28,"minecraft:stick":23,"minecraft:oak_door":1,"minecraft:torch":8,"minecraft:porkchop":13,"minecraft:diorite":66,"minecraft:redstone":145,"minecraft:rotten_flesh":9,"minecraft:hay_block":38,"minecraft:gold_ingot":2,"minecraft:obsidian":4,"minecraft:mutton":13,"minecraft:white_wool":6,"minecraft:cobblestone":1560,"minecraft:feather":1,"minecraft:andesite":83,"minecraft:brown_wool":1,"minecraft:leather":17,"minecraft:red_mushroom":1,"minecraft:flint":2,"minecraft:oak_log":16,"minecraft:lily_pad":31,"minecraft:gunpowder":1,"minecraft:lapis_lazuli":127,"minecraft:dirt":88,"minecraft:bone":6,"minecraft:kelp":1,"minecraft:wheat_seeds":10,"minecraft:stone_pickaxe":3,"minecraft:iron_ingot":5,"minecraft:iron_ore":121,"minecraft:iron_sword":1,"minecraft:warped_fungus":1,"minecraft:cooked_porkchop":1,"minecraft:sweet_berries":28,"minecraft:dandelion":2,"minecraft:gravel":38,"minecraft:sand":81,"minecraft:spruce_sapling":9,"minecraft:spruce_log":309,"minecraft:gold_ore":26,"minecraft:diamond":39,"minecraft:spruce_boat":12,"minecraft:stone_axe":2,"minecraft:iron_helmet":1,"minecraft:granite":51,"minecraft:gray_wool":1,"minecraft:netherrack":3,"minecraft:black_wool":1,"minecraft:coal":252,"minecraft:ender_pearl":1,"minecraft:sunflower":4},"minecraft:dropped":{"minecraft:iron_sword":1,"minecraft:wheat_seeds":8,"minecraft:lapis_lazuli":10,"minecraft:iron_helmet":1,"minecraft:cobblestone":610,"minecraft:granite":28,"minecraft:dirt":58,"minecraft:gray_wool":1,"minecraft:diorite":50,"minecraft:brown_wool":1,"minecraft:sunflower":1,"minecraft:iron_axe":1,"minecraft:iron_pickaxe":2,"minecraft:white_wool":2,"minecraft:spruce_sapling":8,"minecraft:redstone":18,"minecraft:gravel":25,"minecraft:stone_axe":5,"minecraft:kelp":1,"minecraft:rotten_flesh":2,"minecraft:light_gray_wool":2,"minecraft:iron_boots":1,"minecraft:flint_and_steel":2,"minecraft:spruce_planks":1,"minecraft:andesite":59,"minecraft:iron_ore":1,"minecraft:wooden_pickaxe":2,"minecraft:stone_pickaxe":3,"minecraft:black_wool":1},"minecraft:crafted":{"minecraft:wooden_sword":1,"minecraft:oak_door":6,"minecraft:oak_planks":60,"minecraft:stone_shovel":1,"minecraft:furnace":3,"minecraft:mushroom_stew":1,"minecraft:flint_and_steel":2,"minecraft:glass":6,"minecraft:diamond_helmet":1,"minecraft:iron_boots":2,"minecraft:iron_axe":2,"minecraft:stone_pickaxe":6,"minecraft:diamond_boots":1,"minecraft:spruce_boat":2,"minecraft:wheat":342,"minecraft:cooked_beef":18,"minecraft:red_dye":3,"minecraft:diamond_sword":1,"minecraft:cooked_porkchop":11,"minecraft:diamond_axe":2,"minecraft:crafting_table":12,"minecraft:spruce_planks":200,"minecraft:wooden_pickaxe":3,"minecraft:iron_helmet":2,"minecraft:iron_sword":1,"minecraft:bowl":4,"minecraft:red_bed":1,"minecraft:red_wool":3,"minecraft:bucket":2,"minecraft:stone_axe":4,"minecraft:bread":54,"minecraft:air":0,"minecraft:oak_boat":1,"minecraft:iron_chestplate":2,"minecraft:diamond_pickaxe":2,"minecraft:shield":2,"minecraft:stick":104,"minecraft:iron_ingot":119,"minecraft:iron_pickaxe":6,"minecraft:wooden_axe":1,"minecraft:stone_sword":1,"minecraft:iron_leggings":2,"minecraft:iron_shovel":1,"minecraft:gold_ingot":15,"minecraft:sandstone":7,"minecraft:torch":8},"minecraft:killed":{"minecraft:horse":2,"minecraft:skeleton":1,"minecraft:chicken":1,"minecraft:drowned":3,"minecraft:pig":6,"minecraft:creeper":1,"minecraft:sheep":9,"minecraft:zombie":9,"minecraft:cow":15},"minecraft:mined":{"minecraft:diamond_ore":39,"minecraft:oak_door":1,"minecraft:obsidian":5,"minecraft:granite":55,"minecraft:grass_block":6,"minecraft:spruce_leaves":35,"minecraft:red_mushroom":1,"minecraft:sandstone":29,"minecraft:large_fern":5,"minecraft:hay_block":38,"minecraft:redstone_ore":35,"minecraft:furnace":13,"minecraft:iron_ore":121,"minecraft:andesite":84,"minecraft:stone":1445,"minecraft:smithing_table":2,"minecraft:brown_mushroom":2,"minecraft:red_bed":2,"minecraft:dandelion":3,"minecraft:crafting_table":23,"minecraft:torch":5,"minecraft:poppy":4,"minecraft:tall_grass":10,"minecraft:cobblestone":45,"minecraft:lapis_ore":22,"minecraft:lily_pad":3,"minecraft:sugar_cane":12,"minecraft:diorite":72,"minecraft:wall_torch":1,"minecraft:sweet_berry_bush":13,"minecraft:spruce_log":250,"minecraft:warped_fungus":1,"minecraft:grass":70,"minecraft:oak_log":15,"minecraft:coal_ore":104,"minecraft:sunflower":6,"minecraft:gravel":41,"minecraft:sand":81,"minecraft:dirt":39,"minecraft:netherrack":3,"minecraft:oak_leaves":2,"minecraft:gold_ore":25,"minecraft:infested_stone":8,"minecraft:fern":4},"minecraft:custom":{"minecraft:interact_with_smithing_table":1,"minecraft:mob_kills":48,"minecraft:interact_with_crafting_table":96,"minecraft:leave_game":17,"minecraft:time_since_death":73974,"minecraft:climb_one_cm":1103,"minecraft:sprint_one_cm":362045,"minecraft:walk_one_cm":534885,"minecraft:damage_blocked_by_shield":225,"minecraft:drop":121,"minecraft:deaths":7,"minecraft:sneak_time":6091,"minecraft:walk_under_water_one_cm":47253,"minecraft:boat_one_cm":289772,"minecraft:jump":4458,"minecraft:walk_on_water_one_cm":100102,"minecraft:interact_with_furnace":135,"minecraft:play_one_minute":287579,"minecraft:sleep_in_bed":8,"minecraft:time_since_rest":44198,"minecraft:damage_taken":3161,"minecraft:damage_dealt":6887,"minecraft:swim_one_cm":1485,"minecraft:fly_one_cm":606696,"minecraft:open_chest":2,"minecraft:crouch_one_cm":10759,"minecraft:fall_one_cm":101215},"minecraft:killed_by":{"minecraft:player":4,"minecraft:piglin":1,"minecraft:skeleton":2}},"DataVersion":2586}