{"stats":{"minecraft:used":{"minecraft:stone_axe":1,"minecraft:crafting_table":1,"minecraft:stone_pickaxe":41,"minecraft:wooden_pickaxe":6},"minecraft:picked_up":{"minecraft:crafting_table":1,"minecraft:granite":1,"minecraft:spruce_log":11,"minecraft:cobblestone":43},"minecraft:crafted":{"minecraft:stone_axe":1,"minecraft:crafting_table":1,"minecraft:spruce_planks":32,"minecraft:stick":8,"minecraft:wooden_pickaxe":1,"minecraft:stone_pickaxe":1},"minecraft:mined":{"minecraft:granite":1,"minecraft:grass_block":1,"minecraft:spruce_log":11,"minecraft:spruce_leaves":7,"minecraft:stone":46,"minecraft:crafting_table":1},"minecraft:custom":{"minecraft:time_since_rest":9290,"minecraft:play_one_minute":11696,"minecraft:walk_one_cm":15410,"minecraft:damage_taken":763,"minecraft:deaths":3,"minecraft:walk_under_water_one_cm":252,"minecraft:jump":73,"minecraft:leave_game":1,"minecraft:damage_dealt":10,"minecraft:time_since_death":9224,"minecraft:walk_on_water_one_cm":3029,"minecraft:interact_with_crafting_table":4,"minecraft:fall_one_cm":1110,"minecraft:fly_one_cm":2111},"minecraft:killed_by":{"minecraft:player":3}},"DataVersion":2586}