{"stats":{"minecraft:broken":{"minecraft:stone_pickaxe":3,"minecraft:iron_pickaxe":3},"minecraft:used":{"minecraft:water_bucket":30,"minecraft:diorite":7,"minecraft:flint_and_steel":1,"minecraft:stone_pickaxe":546,"minecraft:wooden_pickaxe":34,"minecraft:shield":4,"minecraft:rotten_flesh":1,"minecraft:netherrack":3,"minecraft:torch":12,"minecraft:dirt":20,"minecraft:crafting_table":19,"minecraft:mushroom_stew":1,"minecraft:granite":23,"minecraft:diamond_pickaxe":6,"minecraft:lava_bucket":17,"minecraft:iron_axe":43,"minecraft:iron_pickaxe":954,"minecraft:gravel":2,"minecraft:stone_axe":204,"minecraft:cobblestone":325,"minecraft:sweet_berries":47,"minecraft:furnace":10,"minecraft:bucket":49,"minecraft:andesite":9,"minecraft:egg":1},"minecraft:picked_up":{"minecraft:crafting_table":14,"minecraft:andesite":64,"minecraft:brown_mushroom":1,"minecraft:red_mushroom":1,"minecraft:flint":2,"minecraft:lapis_lazuli":74,"minecraft:dirt":35,"minecraft:flint_and_steel":3,"minecraft:bone":1,"minecraft:wheat_seeds":3,"minecraft:iron_ingot":1,"minecraft:stone_pickaxe":2,"minecraft:iron_ore":103,"minecraft:furnace":10,"minecraft:egg":1,"minecraft:warped_fungus":1,"minecraft:sweet_berries":25,"minecraft:torch":8,"minecraft:gravel":22,"minecraft:spruce_sapling":8,"minecraft:diorite":39,"minecraft:redstone":82,"minecraft:spruce_log":176,"minecraft:gold_ore":18,"minecraft:rotten_flesh":3,"minecraft:diamond":15,"minecraft:stone_axe":2,"minecraft:granite":47,"minecraft:gold_ingot":2,"minecraft:netherrack":3,"minecraft:obsidian":4,"minecraft:coal":210,"minecraft:cobblestone":1027},"minecraft:dropped":{"minecraft:gravel":20,"minecraft:stone_axe":5,"minecraft:wheat_seeds":3,"minecraft:lapis_lazuli":10,"minecraft:rotten_flesh":2,"minecraft:cobblestone":445,"minecraft:granite":24,"minecraft:flint_and_steel":2,"minecraft:dirt":13,"minecraft:diorite":32,"minecraft:spruce_planks":1,"minecraft:andesite":55,"minecraft:iron_ore":1,"minecraft:wooden_pickaxe":2,"minecraft:stone_pickaxe":3,"minecraft:spruce_sapling":8,"minecraft:redstone":18},"minecraft:crafted":{"minecraft:diamond_axe":1,"minecraft:crafting_table":6,"minecraft:spruce_planks":180,"minecraft:wooden_pickaxe":2,"minecraft:iron_helmet":2,"minecraft:iron_sword":1,"minecraft:bowl":4,"minecraft:furnace":2,"minecraft:mushroom_stew":1,"minecraft:bucket":2,"minecraft:stone_axe":3,"minecraft:air":0,"minecraft:flint_and_steel":2,"minecraft:iron_boots":2,"minecraft:iron_chestplate":2,"minecraft:diamond_pickaxe":1,"minecraft:shield":2,"minecraft:iron_axe":2,"minecraft:stick":68,"minecraft:iron_ingot":101,"minecraft:iron_pickaxe":5,"minecraft:stone_pickaxe":5,"minecraft:iron_leggings":1,"minecraft:gold_ingot":15,"minecraft:torch":4},"minecraft:killed":{"minecraft:skeleton":1,"minecraft:zombie":4},"minecraft:mined":{"minecraft:diamond_ore":15,"minecraft:brown_mushroom":2,"minecraft:obsidian":5,"minecraft:crafting_table":15,"minecraft:torch":5,"minecraft:granite":53,"minecraft:grass_block":3,"minecraft:cobblestone":32,"minecraft:spruce_leaves":24,"minecraft:lapis_ore":13,"minecraft:red_mushroom":1,"minecraft:diorite":43,"minecraft:wall_torch":1,"minecraft:large_fern":3,"minecraft:redstone_ore":21,"minecraft:furnace":10,"minecraft:iron_ore":103,"minecraft:sweet_berry_bush":11,"minecraft:spruce_log":179,"minecraft:andesite":65,"minecraft:warped_fungus":1,"minecraft:coal_ore":89,"minecraft:gravel":25,"minecraft:dirt":15,"minecraft:stone":1039,"minecraft:netherrack":3,"minecraft:gold_ore":17,"minecraft:infested_stone":8,"minecraft:fern":2},"minecraft:custom":{"minecraft:interact_with_furnace":93,"minecraft:mob_kills":5,"minecraft:interact_with_crafting_table":68,"minecraft:play_one_minute":150399,"minecraft:leave_game":14,"minecraft:time_since_death":1382,"minecraft:time_since_rest":1407,"minecraft:sprint_one_cm":77629,"minecraft:damage_taken":1728,"minecraft:walk_one_cm":253219,"minecraft:damage_blocked_by_shield":150,"minecraft:drop":94,"minecraft:damage_dealt":1127,"minecraft:fly_one_cm":87925,"minecraft:crouch_one_cm":7567,"minecraft:deaths":6,"minecraft:sneak_time":4242,"minecraft:walk_under_water_one_cm":3323,"minecraft:jump":1489,"minecraft:walk_on_water_one_cm":31667,"minecraft:fall_one_cm":23552},"minecraft:killed_by":{"minecraft:piglin":1,"minecraft:player":3,"minecraft:skeleton":2}},"DataVersion":2586}