{"stats":{"minecraft:broken":{"minecraft:wooden_pickaxe":1,"minecraft:stone_pickaxe":5,"minecraft:wooden_sword":1,"minecraft:iron_pickaxe":5,"minecraft:wooden_axe":1},"minecraft:used":{"minecraft:stone_sword":36,"minecraft:iron_shovel":24,"minecraft:flint_and_steel":1,"minecraft:stone_shovel":122,"minecraft:spruce_planks":62,"minecraft:shield":5,"minecraft:iron_sword":63,"minecraft:rotten_flesh":1,"minecraft:netherrack":3,"minecraft:oak_door":3,"minecraft:torch":21,"minecraft:dirt":29,"minecraft:mutton":2,"minecraft:granite":23,"minecraft:glass":6,"minecraft:wooden_axe":51,"minecraft:spruce_boat":13,"minecraft:lava_bucket":17,"minecraft:iron_axe":142,"minecraft:stone_bricks":119,"minecraft:beef":8,"minecraft:sweet_berries":47,"minecraft:furnace":17,"minecraft:egg":2,"minecraft:cooked_beef":7,"minecraft:water_bucket":35,"minecraft:diorite":16,"minecraft:stone_pickaxe":874,"minecraft:ender_pearl":1,"minecraft:wooden_pickaxe":93,"minecraft:sandstone":67,"minecraft:stonecutter":1,"minecraft:spruce_sign":3,"minecraft:blue_bed":2,"minecraft:diamond_axe":2,"minecraft:sand":43,"minecraft:crafting_table":35,"minecraft:red_bed":2,"minecraft:mushroom_stew":1,"minecraft:spruce_log":44,"minecraft:diamond_pickaxe":27,"minecraft:iron_pickaxe":1638,"minecraft:bread":17,"minecraft:gravel":26,"minecraft:stone_axe":319,"minecraft:diamond_sword":68,"minecraft:wooden_sword":42,"minecraft:cobblestone":455,"minecraft:porkchop":1,"minecraft:smithing_table":1,"minecraft:andesite":25,"minecraft:bucket":55,"minecraft:oak_boat":2,"minecraft:dandelion":2},"minecraft:picked_up":{"minecraft:iron_chestplate":1,"minecraft:crafting_table":26,"minecraft:chicken":2,"minecraft:smithing_table":2,"minecraft:brown_mushroom":1,"minecraft:shield":1,"minecraft:red_bed":2,"minecraft:iron_axe":1,"minecraft:wooden_sword":1,"minecraft:flint_and_steel":4,"minecraft:smooth_stone":5,"minecraft:bucket":1,"minecraft:spruce_planks":70,"minecraft:beef":26,"minecraft:oak_boat":1,"minecraft:poppy":3,"minecraft:iron_pickaxe":2,"minecraft:light_gray_wool":2,"minecraft:sugar_cane":48,"minecraft:stone":12,"minecraft:furnace":17,"minecraft:iron_boots":1,"minecraft:egg":2,"minecraft:stick":35,"minecraft:sandstone":56,"minecraft:oak_door":1,"minecraft:torch":11,"minecraft:porkchop":13,"minecraft:diorite":66,"minecraft:redstone":145,"minecraft:stone_sword":1,"minecraft:stone_shovel":1,"minecraft:rotten_flesh":9,"minecraft:hay_block":38,"minecraft:gold_ingot":2,"minecraft:obsidian":7,"minecraft:mutton":13,"minecraft:white_wool":9,"minecraft:cobblestone":1862,"minecraft:feather":1,"minecraft:andesite":170,"minecraft:brown_wool":1,"minecraft:leather":22,"minecraft:red_mushroom":1,"minecraft:flint":2,"minecraft:oak_log":16,"minecraft:lily_pad":31,"minecraft:gunpowder":1,"minecraft:blue_bed":2,"minecraft:lapis_lazuli":127,"minecraft:dirt":89,"minecraft:glass":2,"minecraft:bone":6,"minecraft:apple":2,"minecraft:stone_bricks":15,"minecraft:kelp":1,"minecraft:wheat_seeds":10,"minecraft:iron_ingot":5,"minecraft:stone_pickaxe":4,"minecraft:iron_ore":127,"minecraft:oak_planks":1,"minecraft:iron_sword":1,"minecraft:warped_fungus":1,"minecraft:cooked_porkchop":1,"minecraft:sweet_berries":31,"minecraft:dandelion":2,"minecraft:gravel":63,"minecraft:sand":196,"minecraft:spruce_sapling":9,"minecraft:spruce_log":348,"minecraft:gold_ore":26,"minecraft:diamond":39,"minecraft:spruce_boat":12,"minecraft:stone_axe":6,"minecraft:iron_helmet":1,"minecraft:granite":51,"minecraft:gray_wool":1,"minecraft:bread":43,"minecraft:netherrack":3,"minecraft:black_wool":1,"minecraft:coal":300,"minecraft:sunflower":4,"minecraft:ender_pearl":1},"minecraft:dropped":{"minecraft:iron_sword":1,"minecraft:wheat_seeds":10,"minecraft:lapis_lazuli":10,"minecraft:feather":1,"minecraft:iron_helmet":1,"minecraft:cobblestone":610,"minecraft:granite":28,"minecraft:dirt":59,"minecraft:gray_wool":1,"minecraft:diorite":50,"minecraft:brown_wool":1,"minecraft:sunflower":4,"minecraft:iron_axe":1,"minecraft:iron_pickaxe":2,"minecraft:lily_pad":31,"minecraft:white_wool":2,"minecraft:spruce_sapling":9,"minecraft:redstone":18,"minecraft:oak_door":4,"minecraft:gravel":25,"minecraft:stone_axe":7,"minecraft:kelp":1,"minecraft:rotten_flesh":4,"minecraft:light_gray_wool":2,"minecraft:iron_boots":1,"minecraft:flint_and_steel":2,"minecraft:gunpowder":1,"minecraft:spruce_planks":1,"minecraft:andesite":70,"minecraft:iron_ore":1,"minecraft:wooden_pickaxe":2,"minecraft:stone_pickaxe":3,"minecraft:black_wool":1},"minecraft:crafted":{"minecraft:wooden_sword":1,"minecraft:oak_door":6,"minecraft:smooth_stone":5,"minecraft:oak_planks":60,"minecraft:stone_shovel":1,"minecraft:furnace":3,"minecraft:stone":126,"minecraft:mushroom_stew":1,"minecraft:flint_and_steel":2,"minecraft:glass":8,"minecraft:diamond_helmet":1,"minecraft:iron_boots":2,"minecraft:iron_axe":2,"minecraft:stone_pickaxe":8,"minecraft:diamond_boots":1,"minecraft:spruce_boat":2,"minecraft:wheat":342,"minecraft:cooked_beef":18,"minecraft:coal_block":2,"minecraft:red_dye":3,"minecraft:diamond_sword":1,"minecraft:spruce_sign":3,"minecraft:cooked_porkchop":11,"minecraft:diamond_axe":2,"minecraft:crafting_table":12,"minecraft:spruce_planks":264,"minecraft:wooden_pickaxe":3,"minecraft:iron_helmet":2,"minecraft:iron_sword":1,"minecraft:bowl":4,"minecraft:red_bed":1,"minecraft:red_wool":3,"minecraft:bucket":2,"minecraft:stone_axe":5,"minecraft:bread":54,"minecraft:air":0,"minecraft:oak_boat":1,"minecraft:iron_chestplate":2,"minecraft:diamond_pickaxe":2,"minecraft:charcoal":1,"minecraft:shield":2,"minecraft:stick":104,"minecraft:iron_ingot":122,"minecraft:iron_pickaxe":7,"minecraft:wooden_axe":1,"minecraft:stone_sword":1,"minecraft:iron_shovel":1,"minecraft:iron_leggings":2,"minecraft:gold_ingot":15,"minecraft:sandstone":25,"minecraft:stonecutter":1,"minecraft:torch":12},"minecraft:killed":{"minecraft:horse":2,"minecraft:skeleton":1,"minecraft:chicken":1,"minecraft:drowned":3,"minecraft:pig":6,"minecraft:creeper":1,"minecraft:sheep":9,"minecraft:zombie":9,"minecraft:cow":15},"minecraft:mined":{"minecraft:diamond_ore":39,"minecraft:spruce_planks":2,"minecraft:oak_door":1,"minecraft:obsidian":5,"minecraft:granite":55,"minecraft:grass_block":6,"minecraft:spruce_leaves":36,"minecraft:red_mushroom":1,"minecraft:sandstone":56,"minecraft:large_fern":5,"minecraft:hay_block":38,"minecraft:redstone_ore":35,"minecraft:furnace":16,"minecraft:iron_ore":128,"minecraft:andesite":171,"minecraft:stone":1696,"minecraft:smithing_table":2,"minecraft:brown_mushroom":2,"minecraft:red_bed":2,"minecraft:dandelion":3,"minecraft:crafting_table":26,"minecraft:torch":5,"minecraft:poppy":4,"minecraft:tall_grass":10,"minecraft:cobblestone":55,"minecraft:lapis_ore":22,"minecraft:lily_pad":3,"minecraft:sugar_cane":12,"minecraft:blue_bed":2,"minecraft:diorite":72,"minecraft:wall_torch":4,"minecraft:sweet_berry_bush":13,"minecraft:spruce_log":252,"minecraft:warped_fungus":1,"minecraft:grass":70,"minecraft:oak_log":15,"minecraft:coal_ore":149,"minecraft:sand":190,"minecraft:sunflower":6,"minecraft:gravel":61,"minecraft:dirt":40,"minecraft:stone_bricks":15,"minecraft:netherrack":3,"minecraft:gold_ore":25,"minecraft:oak_leaves":2,"minecraft:infested_stone":8,"minecraft:fern":4},"minecraft:custom":{"minecraft:interact_with_smithing_table":1,"minecraft:mob_kills":48,"minecraft:interact_with_crafting_table":119,"minecraft:leave_game":19,"minecraft:time_since_death":27355,"minecraft:climb_one_cm":1103,"minecraft:sprint_one_cm":403910,"minecraft:damage_blocked_by_shield":225,"minecraft:walk_one_cm":669785,"minecraft:drop":133,"minecraft:deaths":8,"minecraft:sneak_time":6202,"minecraft:walk_under_water_one_cm":71481,"minecraft:boat_one_cm":307914,"minecraft:jump":4843,"minecraft:walk_on_water_one_cm":134159,"minecraft:interact_with_furnace":161,"minecraft:play_one_minute":338362,"minecraft:interact_with_stonecutter":4,"minecraft:sleep_in_bed":11,"minecraft:time_since_rest":27381,"minecraft:damage_taken":3381,"minecraft:damage_dealt":6929,"minecraft:swim_one_cm":9485,"minecraft:fly_one_cm":653138,"minecraft:open_chest":2,"minecraft:crouch_one_cm":10845,"minecraft:fall_one_cm":109216},"minecraft:killed_by":{"minecraft:player":4,"minecraft:drowned":1,"minecraft:piglin":1,"minecraft:skeleton":2}},"DataVersion":2586}