{"stats":{"minecraft:broken":{"minecraft:wooden_pickaxe":1,"minecraft:stone_pickaxe":7,"minecraft:wooden_sword":1,"minecraft:iron_pickaxe":7,"minecraft:golden_pickaxe":1,"minecraft:wooden_axe":1,"minecraft:stone_shovel":2},"minecraft:used":{"minecraft:stone_sword":93,"minecraft:iron_shovel":36,"minecraft:flint_and_steel":1,"minecraft:stone_shovel":396,"minecraft:chest":71,"minecraft:spruce_planks":144,"minecraft:shield":5,"minecraft:iron_sword":63,"minecraft:rotten_flesh":1,"minecraft:netherrack":3,"minecraft:oak_door":3,"minecraft:torch":35,"minecraft:dirt":32,"minecraft:mutton":2,"minecraft:granite":26,"minecraft:glass":8,"minecraft:wooden_axe":51,"minecraft:spruce_boat":13,"minecraft:lava_bucket":17,"minecraft:iron_axe":247,"minecraft:stone_bricks":259,"minecraft:beef":8,"minecraft:sweet_berries":47,"minecraft:furnace":21,"minecraft:egg":2,"minecraft:cooked_beef":7,"minecraft:water_bucket":50,"minecraft:diorite":19,"minecraft:oak_planks":1,"minecraft:stone_pickaxe":1182,"minecraft:ender_pearl":1,"minecraft:wooden_pickaxe":119,"minecraft:sandstone":159,"minecraft:blue_bed":4,"minecraft:diamond_axe":2,"minecraft:spruce_sign":3,"minecraft:stonecutter":2,"minecraft:sand":61,"minecraft:crafting_table":40,"minecraft:red_bed":2,"minecraft:mushroom_stew":1,"minecraft:spruce_log":56,"minecraft:diamond_pickaxe":121,"minecraft:iron_pickaxe":2139,"minecraft:bread":29,"minecraft:spruce_sapling":1,"minecraft:gravel":41,"minecraft:stone_axe":435,"minecraft:wooden_sword":42,"minecraft:diamond_sword":68,"minecraft:cobblestone":580,"minecraft:porkchop":1,"minecraft:smithing_table":1,"minecraft:andesite":148,"minecraft:bucket":70,"minecraft:oak_boat":2,"minecraft:golden_pickaxe":32,"minecraft:dandelion":2,"minecraft:smooth_stone":5},"minecraft:picked_up":{"minecraft:charcoal":2,"minecraft:iron_chestplate":1,"minecraft:crafting_table":30,"minecraft:chicken":2,"minecraft:smithing_table":2,"minecraft:brown_mushroom":1,"minecraft:shield":1,"minecraft:red_bed":2,"minecraft:iron_axe":2,"minecraft:wooden_sword":1,"minecraft:flint_and_steel":4,"minecraft:smooth_stone":10,"minecraft:bucket":1,"minecraft:spruce_planks":74,"minecraft:beef":26,"minecraft:oak_boat":1,"minecraft:poppy":4,"minecraft:iron_pickaxe":2,"minecraft:light_gray_wool":2,"minecraft:sugar_cane":62,"minecraft:chest":11,"minecraft:furnace":21,"minecraft:iron_boots":2,"minecraft:egg":2,"minecraft:stick":38,"minecraft:sandstone":125,"minecraft:stone":12,"minecraft:oak_door":1,"minecraft:torch":23,"minecraft:porkchop":13,"minecraft:diorite":91,"minecraft:redstone":145,"minecraft:stone_sword":2,"minecraft:arrow":2,"minecraft:stone_shovel":3,"minecraft:rotten_flesh":9,"minecraft:hay_block":38,"minecraft:gold_ingot":8,"minecraft:obsidian":12,"minecraft:mutton":13,"minecraft:white_wool":9,"minecraft:cobblestone":2413,"minecraft:feather":1,"minecraft:andesite":291,"minecraft:brown_wool":1,"minecraft:leather":22,"minecraft:red_mushroom":1,"minecraft:flint":5,"minecraft:oak_log":16,"minecraft:lily_pad":31,"minecraft:gunpowder":1,"minecraft:lapis_lazuli":127,"minecraft:dirt":127,"minecraft:blue_bed":4,"minecraft:glass":2,"minecraft:bone":6,"minecraft:apple":2,"minecraft:stone_bricks":33,"minecraft:kelp":1,"minecraft:stonecutter":1,"minecraft:wheat_seeds":10,"minecraft:iron_ingot":9,"minecraft:stone_pickaxe":5,"minecraft:iron_ore":166,"minecraft:iron_sword":1,"minecraft:oak_planks":2,"minecraft:warped_fungus":1,"minecraft:cooked_porkchop":1,"minecraft:sweet_berries":31,"minecraft:dandelion":2,"minecraft:gravel":88,"minecraft:sand":486,"minecraft:spruce_sapling":17,"minecraft:spruce_log":510,"minecraft:gold_ore":43,"minecraft:diamond":69,"minecraft:spruce_boat":12,"minecraft:stone_axe":8,"minecraft:iron_helmet":1,"minecraft:granite":63,"minecraft:gray_wool":1,"minecraft:bread":43,"minecraft:netherrack":3,"minecraft:black_wool":1,"minecraft:coal":359,"minecraft:sunflower":4,"minecraft:ender_pearl":1},"minecraft:dropped":{"minecraft:iron_sword":1,"minecraft:wheat_seeds":10,"minecraft:lapis_lazuli":10,"minecraft:feather":1,"minecraft:iron_helmet":2,"minecraft:cobblestone":793,"minecraft:granite":28,"minecraft:dirt":81,"minecraft:gray_wool":1,"minecraft:diorite":67,"minecraft:brown_wool":1,"minecraft:sunflower":4,"minecraft:sand":54,"minecraft:iron_axe":3,"minecraft:iron_pickaxe":2,"minecraft:smooth_stone":5,"minecraft:lily_pad":31,"minecraft:white_wool":2,"minecraft:spruce_sapling":15,"minecraft:redstone":18,"minecraft:oak_door":4,"minecraft:gravel":25,"minecraft:stone_axe":10,"minecraft:kelp":1,"minecraft:stone_sword":2,"minecraft:stone_shovel":3,"minecraft:rotten_flesh":4,"minecraft:light_gray_wool":2,"minecraft:iron_boots":3,"minecraft:flint_and_steel":2,"minecraft:poppy":1,"minecraft:gunpowder":1,"minecraft:spruce_planks":2,"minecraft:andesite":102,"minecraft:stone_bricks":4,"minecraft:sandstone":7,"minecraft:arrow":2,"minecraft:iron_ore":1,"minecraft:stone_pickaxe":5,"minecraft:wooden_pickaxe":2,"minecraft:black_wool":1},"minecraft:crafted":{"minecraft:wooden_sword":1,"minecraft:oak_door":6,"minecraft:smooth_stone":5,"minecraft:oak_planks":60,"minecraft:stone_shovel":4,"minecraft:furnace":4,"minecraft:stone":239,"minecraft:mushroom_stew":1,"minecraft:diamond_shovel":1,"minecraft:flint_and_steel":2,"minecraft:glass":8,"minecraft:diamond_leggings":1,"minecraft:diamond_helmet":1,"minecraft:iron_boots":3,"minecraft:iron_axe":4,"minecraft:stone_pickaxe":10,"minecraft:chest":60,"minecraft:diamond_boots":2,"minecraft:spruce_boat":2,"minecraft:wheat":342,"minecraft:cooked_beef":18,"minecraft:coal_block":2,"minecraft:red_dye":3,"minecraft:diamond_sword":2,"minecraft:spruce_sign":6,"minecraft:cooked_porkchop":11,"minecraft:diamond_axe":3,"minecraft:crafting_table":14,"minecraft:spruce_planks":892,"minecraft:iron_helmet":3,"minecraft:wooden_pickaxe":4,"minecraft:iron_sword":2,"minecraft:golden_pickaxe":1,"minecraft:bowl":4,"minecraft:red_bed":1,"minecraft:red_wool":3,"minecraft:bucket":3,"minecraft:stone_axe":5,"minecraft:bread":54,"minecraft:air":0,"minecraft:oak_boat":1,"minecraft:iron_chestplate":3,"minecraft:paper":12,"minecraft:charcoal":1,"minecraft:diamond_pickaxe":3,"minecraft:shield":3,"minecraft:stick":128,"minecraft:iron_ingot":163,"minecraft:iron_pickaxe":9,"minecraft:wooden_axe":1,"minecraft:stone_sword":1,"minecraft:iron_shovel":2,"minecraft:gold_ingot":15,"minecraft:iron_leggings":3,"minecraft:sandstone":52,"minecraft:stonecutter":1,"minecraft:torch":20},"minecraft:killed":{"minecraft:horse":2,"minecraft:skeleton":1,"minecraft:chicken":1,"minecraft:drowned":3,"minecraft:pig":6,"minecraft:iron_golem":1,"minecraft:creeper":1,"minecraft:sheep":9,"minecraft:zombie":11,"minecraft:cow":15},"minecraft:mined":{"minecraft:diamond_ore":69,"minecraft:spruce_planks":7,"minecraft:oak_door":1,"minecraft:obsidian":14,"minecraft:granite":67,"minecraft:grass_block":10,"minecraft:spruce_leaves":61,"minecraft:red_mushroom":1,"minecraft:sandstone":137,"minecraft:large_fern":9,"minecraft:hay_block":38,"minecraft:smooth_stone":5,"minecraft:tall_seagrass":1,"minecraft:redstone_ore":35,"minecraft:furnace":20,"minecraft:iron_ore":168,"minecraft:andesite":302,"minecraft:stone":2144,"minecraft:smithing_table":2,"minecraft:brown_mushroom":2,"minecraft:red_bed":2,"minecraft:dandelion":3,"minecraft:crafting_table":30,"minecraft:torch":6,"minecraft:poppy":5,"minecraft:chest":11,"minecraft:campfire":1,"minecraft:tall_grass":10,"minecraft:glass":2,"minecraft:cobblestone":119,"minecraft:lapis_ore":22,"minecraft:lily_pad":3,"minecraft:oak_planks":1,"minecraft:sugar_cane":24,"minecraft:blue_bed":4,"minecraft:wall_torch":7,"minecraft:diorite":85,"minecraft:seagrass":2,"minecraft:sweet_berry_bush":13,"minecraft:spruce_log":419,"minecraft:warped_fungus":1,"minecraft:grass":70,"minecraft:coal_ore":197,"minecraft:oak_log":15,"minecraft:gravel":89,"minecraft:dirt":69,"minecraft:sand":488,"minecraft:sunflower":6,"minecraft:stonecutter":1,"minecraft:stone_bricks":33,"minecraft:netherrack":3,"minecraft:gold_ore":34,"minecraft:oak_leaves":2,"minecraft:fern":9,"minecraft:infested_stone":8},"minecraft:custom":{"minecraft:interact_with_smithing_table":1,"minecraft:mob_kills":51,"minecraft:interact_with_crafting_table":170,"minecraft:leave_game":24,"minecraft:time_since_death":250,"minecraft:climb_one_cm":1103,"minecraft:damage_blocked_by_shield":225,"minecraft:sprint_one_cm":500251,"minecraft:walk_one_cm":954389,"minecraft:drop":172,"minecraft:sneak_time":10885,"minecraft:deaths":9,"minecraft:walk_under_water_one_cm":161320,"minecraft:boat_one_cm":322442,"minecraft:jump":5997,"minecraft:walk_on_water_one_cm":292118,"minecraft:interact_with_furnace":191,"minecraft:play_one_minute":486978,"minecraft:interact_with_stonecutter":8,"minecraft:sleep_in_bed":14,"minecraft:time_since_rest":276,"minecraft:damage_taken":3995,"minecraft:damage_dealt":8350,"minecraft:swim_one_cm":17319,"minecraft:fly_one_cm":724816,"minecraft:open_chest":16,"minecraft:crouch_one_cm":16527,"minecraft:fall_one_cm":123725},"minecraft:killed_by":{"minecraft:player":4,"minecraft:drowned":1,"minecraft:piglin":1,"minecraft:skeleton":2}},"DataVersion":2586}