{"stats":{"minecraft:broken":{"minecraft:stone_pickaxe":2,"minecraft:iron_pickaxe":3},"minecraft:used":{"minecraft:water_bucket":5,"minecraft:diorite":5,"minecraft:stone_pickaxe":376,"minecraft:wooden_pickaxe":13,"minecraft:torch":10,"minecraft:crafting_table":11,"minecraft:granite":22,"minecraft:diamond_pickaxe":1,"minecraft:lava_bucket":4,"minecraft:iron_axe":13,"minecraft:iron_pickaxe":810,"minecraft:stone_axe":107,"minecraft:cobblestone":170,"minecraft:sweet_berries":21,"minecraft:furnace":8,"minecraft:bucket":11,"minecraft:andesite":4},"minecraft:picked_up":{"minecraft:crafting_table":10,"minecraft:andesite":45,"minecraft:lapis_lazuli":59,"minecraft:dirt":10,"minecraft:iron_ingot":1,"minecraft:stone_pickaxe":1,"minecraft:iron_ore":61,"minecraft:furnace":8,"minecraft:egg":1,"minecraft:sweet_berries":23,"minecraft:torch":7,"minecraft:gravel":4,"minecraft:spruce_sapling":2,"minecraft:diorite":25,"minecraft:spruce_log":87,"minecraft:gold_ore":10,"minecraft:redstone":69,"minecraft:diamond":12,"minecraft:granite":43,"minecraft:gold_ingot":1,"minecraft:coal":191,"minecraft:cobblestone":833},"minecraft:dropped":{"minecraft:gravel":4,"minecraft:stone_axe":1,"minecraft:cobblestone":381,"minecraft:granite":20,"minecraft:dirt":10,"minecraft:diorite":16,"minecraft:andesite":37,"minecraft:iron_ore":1,"minecraft:wooden_pickaxe":1,"minecraft:stone_pickaxe":1,"minecraft:spruce_sapling":2},"minecraft:crafted":{"minecraft:diamond_axe":1,"minecraft:crafting_table":2,"minecraft:spruce_planks":80,"minecraft:wooden_pickaxe":1,"minecraft:iron_helmet":1,"minecraft:furnace":1,"minecraft:bucket":1,"minecraft:stone_axe":1,"minecraft:air":0,"minecraft:iron_boots":1,"minecraft:iron_chestplate":1,"minecraft:diamond_pickaxe":1,"minecraft:shield":1,"minecraft:iron_axe":1,"minecraft:stick":28,"minecraft:iron_ingot":44,"minecraft:iron_pickaxe":4,"minecraft:stone_pickaxe":3,"minecraft:iron_leggings":1,"minecraft:gold_ingot":8,"minecraft:torch":4},"minecraft:mined":{"minecraft:diamond_ore":12,"minecraft:crafting_table":10,"minecraft:torch":5,"minecraft:granite":49,"minecraft:grass_block":1,"minecraft:cobblestone":10,"minecraft:spruce_leaves":11,"minecraft:lapis_ore":11,"minecraft:diorite":29,"minecraft:wall_torch":1,"minecraft:large_fern":1,"minecraft:redstone_ore":16,"minecraft:furnace":8,"minecraft:iron_ore":61,"minecraft:sweet_berry_bush":10,"minecraft:spruce_log":88,"minecraft:andesite":46,"minecraft:coal_ore":69,"minecraft:gravel":4,"minecraft:dirt":10,"minecraft:stone":865,"minecraft:gold_ore":9,"minecraft:fern":2},"minecraft:custom":{"minecraft:interact_with_furnace":47,"minecraft:interact_with_crafting_table":36,"minecraft:play_one_minute":82464,"minecraft:leave_game":8,"minecraft:time_since_death":79992,"minecraft:time_since_rest":80058,"minecraft:sprint_one_cm":21952,"minecraft:damage_taken":935,"minecraft:walk_one_cm":136123,"minecraft:drop":32,"minecraft:damage_dealt":231,"minecraft:fly_one_cm":22977,"minecraft:crouch_one_cm":2878,"minecraft:deaths":3,"minecraft:sneak_time":1365,"minecraft:walk_under_water_one_cm":1132,"minecraft:jump":613,"minecraft:walk_on_water_one_cm":10110,"minecraft:fall_one_cm":8350},"minecraft:killed_by":{"minecraft:player":3}},"DataVersion":2586}