{"stats":{"minecraft:broken":{"minecraft:stone_pickaxe":2,"minecraft:iron_pickaxe":1},"minecraft:used":{"minecraft:stone_pickaxe":376,"minecraft:wooden_pickaxe":13,"minecraft:torch":6,"minecraft:crafting_table":7,"minecraft:granite":21,"minecraft:iron_axe":8,"minecraft:iron_pickaxe":401,"minecraft:stone_axe":107,"minecraft:cobblestone":107,"minecraft:sweet_berries":5,"minecraft:furnace":4,"minecraft:andesite":4},"minecraft:picked_up":{"minecraft:crafting_table":5,"minecraft:andesite":35,"minecraft:lapis_lazuli":22,"minecraft:dirt":10,"minecraft:stone_pickaxe":1,"minecraft:iron_ore":31,"minecraft:egg":1,"minecraft:furnace":3,"minecraft:sweet_berries":23,"minecraft:torch":5,"minecraft:gravel":3,"minecraft:spruce_sapling":2,"minecraft:diorite":1,"minecraft:spruce_log":87,"minecraft:gold_ore":9,"minecraft:redstone":5,"minecraft:granite":32,"minecraft:coal":183,"minecraft:cobblestone":567},"minecraft:dropped":{"minecraft:gravel":3,"minecraft:stone_axe":1,"minecraft:cobblestone":201,"minecraft:granite":11,"minecraft:dirt":10,"minecraft:diorite":1,"minecraft:andesite":31,"minecraft:stone_pickaxe":1,"minecraft:wooden_pickaxe":1,"minecraft:spruce_sapling":2},"minecraft:crafted":{"minecraft:crafting_table":2,"minecraft:spruce_planks":80,"minecraft:wooden_pickaxe":1,"minecraft:iron_helmet":1,"minecraft:furnace":1,"minecraft:stone_axe":1,"minecraft:air":0,"minecraft:shield":1,"minecraft:iron_axe":1,"minecraft:stick":20,"minecraft:iron_ingot":20,"minecraft:iron_pickaxe":3,"minecraft:stone_pickaxe":3,"minecraft:torch":4},"minecraft:mined":{"minecraft:crafting_table":5,"minecraft:torch":4,"minecraft:granite":33,"minecraft:grass_block":1,"minecraft:cobblestone":2,"minecraft:spruce_leaves":11,"minecraft:lapis_ore":4,"minecraft:wall_torch":1,"minecraft:large_fern":1,"minecraft:redstone_ore":1,"minecraft:furnace":3,"minecraft:iron_ore":31,"minecraft:sweet_berry_bush":10,"minecraft:spruce_log":88,"minecraft:andesite":36,"minecraft:coal_ore":67,"minecraft:dirt":10,"minecraft:gravel":3,"minecraft:stone":590,"minecraft:gold_ore":9,"minecraft:fern":2},"minecraft:custom":{"minecraft:interact_with_furnace":21,"minecraft:interact_with_crafting_table":21,"minecraft:play_one_minute":58684,"minecraft:leave_game":6,"minecraft:time_since_death":56212,"minecraft:time_since_rest":56278,"minecraft:sprint_one_cm":17092,"minecraft:damage_taken":848,"minecraft:walk_one_cm":83639,"minecraft:drop":17,"minecraft:damage_dealt":231,"minecraft:fly_one_cm":22223,"minecraft:crouch_one_cm":993,"minecraft:deaths":3,"minecraft:sneak_time":520,"minecraft:walk_under_water_one_cm":252,"minecraft:jump":486,"minecraft:walk_on_water_one_cm":5224,"minecraft:fall_one_cm":6763},"minecraft:killed_by":{"minecraft:player":3}},"DataVersion":2586}