{"stats":{"minecraft:broken":{"minecraft:stone_pickaxe":2,"minecraft:iron_pickaxe":3},"minecraft:used":{"minecraft:water_bucket":30,"minecraft:diorite":5,"minecraft:flint_and_steel":1,"minecraft:stone_pickaxe":376,"minecraft:wooden_pickaxe":13,"minecraft:torch":12,"minecraft:dirt":3,"minecraft:crafting_table":13,"minecraft:granite":23,"minecraft:diamond_pickaxe":1,"minecraft:lava_bucket":17,"minecraft:iron_axe":32,"minecraft:iron_pickaxe":891,"minecraft:stone_axe":107,"minecraft:cobblestone":227,"minecraft:sweet_berries":28,"minecraft:furnace":9,"minecraft:bucket":49,"minecraft:andesite":4,"minecraft:egg":1},"minecraft:picked_up":{"minecraft:crafting_table":11,"minecraft:andesite":45,"minecraft:flint":1,"minecraft:lapis_lazuli":59,"minecraft:dirt":16,"minecraft:flint_and_steel":1,"minecraft:iron_ingot":1,"minecraft:stone_pickaxe":1,"minecraft:iron_ore":69,"minecraft:furnace":8,"minecraft:egg":1,"minecraft:sweet_berries":23,"minecraft:torch":8,"minecraft:gravel":20,"minecraft:spruce_sapling":2,"minecraft:diorite":25,"minecraft:spruce_log":87,"minecraft:redstone":82,"minecraft:gold_ore":18,"minecraft:diamond":15,"minecraft:granite":44,"minecraft:gold_ingot":1,"minecraft:coal":191,"minecraft:cobblestone":884},"minecraft:dropped":{"minecraft:gravel":20,"minecraft:stone_axe":1,"minecraft:cobblestone":445,"minecraft:granite":21,"minecraft:dirt":13,"minecraft:diorite":20,"minecraft:andesite":41,"minecraft:iron_ore":1,"minecraft:wooden_pickaxe":1,"minecraft:stone_pickaxe":1,"minecraft:spruce_sapling":2,"minecraft:redstone":18},"minecraft:crafted":{"minecraft:diamond_axe":1,"minecraft:crafting_table":3,"minecraft:spruce_planks":80,"minecraft:wooden_pickaxe":1,"minecraft:iron_helmet":1,"minecraft:furnace":1,"minecraft:bucket":1,"minecraft:stone_axe":1,"minecraft:air":0,"minecraft:flint_and_steel":1,"minecraft:iron_boots":1,"minecraft:iron_chestplate":1,"minecraft:diamond_pickaxe":1,"minecraft:shield":1,"minecraft:iron_axe":1,"minecraft:stick":28,"minecraft:iron_ingot":63,"minecraft:iron_pickaxe":4,"minecraft:stone_pickaxe":3,"minecraft:iron_leggings":1,"minecraft:gold_ingot":8,"minecraft:torch":4},"minecraft:killed":{"minecraft:zombie":2},"minecraft:mined":{"minecraft:diamond_ore":15,"minecraft:crafting_table":12,"minecraft:torch":5,"minecraft:granite":50,"minecraft:grass_block":1,"minecraft:cobblestone":29,"minecraft:spruce_leaves":11,"minecraft:lapis_ore":11,"minecraft:diorite":29,"minecraft:wall_torch":1,"minecraft:large_fern":1,"minecraft:redstone_ore":21,"minecraft:furnace":8,"minecraft:iron_ore":69,"minecraft:sweet_berry_bush":10,"minecraft:spruce_log":88,"minecraft:andesite":46,"minecraft:coal_ore":69,"minecraft:gravel":22,"minecraft:dirt":13,"minecraft:stone":899,"minecraft:gold_ore":17,"minecraft:fern":2},"minecraft:custom":{"minecraft:interact_with_furnace":60,"minecraft:mob_kills":2,"minecraft:interact_with_crafting_table":42,"minecraft:play_one_minute":106335,"minecraft:leave_game":9,"minecraft:time_since_death":103863,"minecraft:time_since_rest":103929,"minecraft:sprint_one_cm":27834,"minecraft:damage_taken":988,"minecraft:walk_one_cm":175263,"minecraft:drop":57,"minecraft:damage_dealt":520,"minecraft:fly_one_cm":34707,"minecraft:crouch_one_cm":4063,"minecraft:deaths":3,"minecraft:sneak_time":1911,"minecraft:walk_under_water_one_cm":2699,"minecraft:jump":907,"minecraft:walk_on_water_one_cm":26684,"minecraft:fall_one_cm":11874},"minecraft:killed_by":{"minecraft:player":3}},"DataVersion":2586}