{"stats":{"minecraft:broken":{"minecraft:stone_pickaxe":2},"minecraft:used":{"minecraft:iron_axe":1,"minecraft:stone_pickaxe":376,"minecraft:iron_pickaxe":215,"minecraft:wooden_pickaxe":13,"minecraft:stone_axe":107,"minecraft:torch":6,"minecraft:cobblestone":66,"minecraft:sweet_berries":5,"minecraft:crafting_table":5,"minecraft:furnace":3,"minecraft:andesite":4,"minecraft:granite":10},"minecraft:picked_up":{"minecraft:crafting_table":3,"minecraft:sweet_berries":23,"minecraft:andesite":33,"minecraft:torch":5,"minecraft:gravel":3,"minecraft:spruce_sapling":2,"minecraft:spruce_log":87,"minecraft:dirt":9,"minecraft:lapis_lazuli":22,"minecraft:granite":11,"minecraft:stone_pickaxe":1,"minecraft:iron_ore":16,"minecraft:coal":120,"minecraft:furnace":2,"minecraft:cobblestone":432,"minecraft:egg":1},"minecraft:dropped":{"minecraft:gravel":3,"minecraft:dirt":9,"minecraft:stone_axe":1,"minecraft:andesite":29,"minecraft:cobblestone":9,"minecraft:granite":1,"minecraft:wooden_pickaxe":1,"minecraft:stone_pickaxe":1,"minecraft:spruce_sapling":2},"minecraft:crafted":{"minecraft:shield":1,"minecraft:iron_axe":1,"minecraft:crafting_table":2,"minecraft:spruce_planks":80,"minecraft:stick":16,"minecraft:iron_pickaxe":1,"minecraft:iron_ingot":7,"minecraft:wooden_pickaxe":1,"minecraft:stone_pickaxe":3,"minecraft:furnace":1,"minecraft:torch":4,"minecraft:stone_axe":1,"minecraft:air":0},"minecraft:mined":{"minecraft:large_fern":1,"minecraft:furnace":2,"minecraft:iron_ore":16,"minecraft:sweet_berry_bush":10,"minecraft:spruce_log":88,"minecraft:andesite":34,"minecraft:crafting_table":3,"minecraft:torch":4,"minecraft:granite":11,"minecraft:grass_block":1,"minecraft:coal_ore":66,"minecraft:dirt":9,"minecraft:gravel":3,"minecraft:spruce_leaves":11,"minecraft:lapis_ore":4,"minecraft:stone":458,"minecraft:wall_torch":1,"minecraft:fern":2},"minecraft:custom":{"minecraft:time_since_rest":44355,"minecraft:interact_with_furnace":10,"minecraft:sprint_one_cm":16505,"minecraft:damage_taken":848,"minecraft:walk_one_cm":61751,"minecraft:drop":10,"minecraft:damage_dealt":128,"minecraft:interact_with_crafting_table":14,"minecraft:fly_one_cm":21421,"minecraft:crouch_one_cm":23,"minecraft:play_one_minute":46761,"minecraft:deaths":3,"minecraft:sneak_time":13,"minecraft:walk_under_water_one_cm":252,"minecraft:jump":375,"minecraft:leave_game":5,"minecraft:walk_on_water_one_cm":3029,"minecraft:time_since_death":44289,"minecraft:fall_one_cm":6016},"minecraft:killed_by":{"minecraft:player":3}},"DataVersion":2586}