{"stats":{"minecraft:broken":{"minecraft:stone_pickaxe":2,"minecraft:iron_pickaxe":3},"minecraft:used":{"minecraft:water_bucket":30,"minecraft:diorite":5,"minecraft:flint_and_steel":1,"minecraft:stone_pickaxe":489,"minecraft:wooden_pickaxe":34,"minecraft:shield":4,"minecraft:rotten_flesh":1,"minecraft:netherrack":3,"minecraft:torch":12,"minecraft:dirt":4,"minecraft:crafting_table":18,"minecraft:mushroom_stew":1,"minecraft:granite":23,"minecraft:diamond_pickaxe":6,"minecraft:lava_bucket":17,"minecraft:iron_axe":42,"minecraft:iron_pickaxe":907,"minecraft:stone_axe":204,"minecraft:cobblestone":277,"minecraft:sweet_berries":47,"minecraft:furnace":9,"minecraft:bucket":49,"minecraft:andesite":9,"minecraft:egg":1},"minecraft:picked_up":{"minecraft:crafting_table":13,"minecraft:andesite":57,"minecraft:brown_mushroom":1,"minecraft:red_mushroom":1,"minecraft:flint":1,"minecraft:lapis_lazuli":74,"minecraft:dirt":33,"minecraft:flint_and_steel":1,"minecraft:bone":1,"minecraft:wheat_seeds":1,"minecraft:iron_ingot":1,"minecraft:stone_pickaxe":1,"minecraft:iron_ore":84,"minecraft:furnace":9,"minecraft:egg":1,"minecraft:warped_fungus":1,"minecraft:sweet_berries":25,"minecraft:torch":8,"minecraft:gravel":20,"minecraft:spruce_sapling":4,"minecraft:diorite":25,"minecraft:redstone":82,"minecraft:spruce_log":176,"minecraft:gold_ore":18,"minecraft:rotten_flesh":2,"minecraft:diamond":15,"minecraft:granite":47,"minecraft:gold_ingot":2,"minecraft:netherrack":3,"minecraft:obsidian":4,"minecraft:coal":194,"minecraft:cobblestone":984},"minecraft:dropped":{"minecraft:gravel":20,"minecraft:stone_axe":1,"minecraft:lapis_lazuli":10,"minecraft:cobblestone":445,"minecraft:granite":21,"minecraft:dirt":13,"minecraft:diorite":20,"minecraft:spruce_planks":1,"minecraft:andesite":41,"minecraft:iron_ore":1,"minecraft:wooden_pickaxe":2,"minecraft:stone_pickaxe":1,"minecraft:spruce_sapling":2,"minecraft:redstone":18},"minecraft:crafted":{"minecraft:diamond_axe":1,"minecraft:crafting_table":6,"minecraft:spruce_planks":180,"minecraft:wooden_pickaxe":2,"minecraft:iron_helmet":1,"minecraft:bowl":4,"minecraft:furnace":2,"minecraft:mushroom_stew":1,"minecraft:bucket":1,"minecraft:stone_axe":3,"minecraft:air":0,"minecraft:flint_and_steel":1,"minecraft:iron_boots":1,"minecraft:iron_chestplate":1,"minecraft:diamond_pickaxe":1,"minecraft:shield":1,"minecraft:iron_axe":1,"minecraft:stick":68,"minecraft:iron_ingot":67,"minecraft:iron_pickaxe":4,"minecraft:stone_pickaxe":4,"minecraft:iron_leggings":1,"minecraft:gold_ingot":15,"minecraft:torch":4},"minecraft:killed":{"minecraft:skeleton":1,"minecraft:zombie":4},"minecraft:mined":{"minecraft:diamond_ore":15,"minecraft:brown_mushroom":2,"minecraft:obsidian":5,"minecraft:crafting_table":14,"minecraft:torch":5,"minecraft:granite":53,"minecraft:grass_block":1,"minecraft:cobblestone":32,"minecraft:spruce_leaves":24,"minecraft:lapis_ore":13,"minecraft:red_mushroom":1,"minecraft:diorite":29,"minecraft:wall_torch":1,"minecraft:large_fern":3,"minecraft:redstone_ore":21,"minecraft:furnace":9,"minecraft:iron_ore":84,"minecraft:sweet_berry_bush":11,"minecraft:spruce_log":179,"minecraft:andesite":58,"minecraft:warped_fungus":1,"minecraft:coal_ore":71,"minecraft:gravel":22,"minecraft:dirt":14,"minecraft:stone":997,"minecraft:netherrack":3,"minecraft:gold_ore":17,"minecraft:infested_stone":8,"minecraft:fern":2},"minecraft:custom":{"minecraft:interact_with_furnace":69,"minecraft:mob_kills":5,"minecraft:interact_with_crafting_table":52,"minecraft:play_one_minute":138399,"minecraft:leave_game":14,"minecraft:time_since_death":13624,"minecraft:time_since_rest":13690,"minecraft:sprint_one_cm":69847,"minecraft:damage_taken":1597,"minecraft:walk_one_cm":235858,"minecraft:damage_blocked_by_shield":150,"minecraft:drop":69,"minecraft:damage_dealt":1109,"minecraft:fly_one_cm":80209,"minecraft:crouch_one_cm":7528,"minecraft:deaths":5,"minecraft:sneak_time":4228,"minecraft:walk_under_water_one_cm":3323,"minecraft:jump":1347,"minecraft:walk_on_water_one_cm":30973,"minecraft:fall_one_cm":22258},"minecraft:killed_by":{"minecraft:piglin":1,"minecraft:player":3,"minecraft:skeleton":1}},"DataVersion":2586}