{"stats":{"minecraft:broken":{"minecraft:stone_pickaxe":2},"minecraft:used":{"minecraft:stone_pickaxe":262,"minecraft:wooden_pickaxe":12,"minecraft:stone_axe":106,"minecraft:torch":5,"minecraft:cobblestone":54,"minecraft:sweet_berries":5,"minecraft:crafting_table":2,"minecraft:andesite":4,"minecraft:granite":1},"minecraft:picked_up":{"minecraft:crafting_table":1,"minecraft:sweet_berries":23,"minecraft:andesite":4,"minecraft:torch":4,"minecraft:gravel":3,"minecraft:spruce_sapling":2,"minecraft:spruce_log":87,"minecraft:granite":9,"minecraft:coal":56,"minecraft:cobblestone":198,"minecraft:egg":1},"minecraft:crafted":{"minecraft:crafting_table":1,"minecraft:spruce_planks":80,"minecraft:stick":16,"minecraft:wooden_pickaxe":1,"minecraft:stone_pickaxe":2,"minecraft:furnace":1,"minecraft:torch":4,"minecraft:stone_axe":1},"minecraft:mined":{"minecraft:large_fern":1,"minecraft:sweet_berry_bush":10,"minecraft:spruce_log":88,"minecraft:andesite":4,"minecraft:crafting_table":1,"minecraft:torch":4,"minecraft:granite":9,"minecraft:grass_block":1,"minecraft:coal_ore":56,"minecraft:gravel":3,"minecraft:spruce_leaves":11,"minecraft:stone":202,"minecraft:fern":2},"minecraft:custom":{"minecraft:time_since_rest":32355,"minecraft:sprint_one_cm":16119,"minecraft:damage_taken":848,"minecraft:walk_one_cm":42426,"minecraft:damage_dealt":128,"minecraft:interact_with_crafting_table":5,"minecraft:fly_one_cm":21421,"minecraft:play_one_minute":34761,"minecraft:deaths":3,"minecraft:sneak_time":1,"minecraft:walk_under_water_one_cm":252,"minecraft:jump":275,"minecraft:leave_game":5,"minecraft:walk_on_water_one_cm":3029,"minecraft:time_since_death":32289,"minecraft:fall_one_cm":5594},"minecraft:killed_by":{"minecraft:player":3}},"DataVersion":2586}