{"stats":{"minecraft:broken":{"minecraft:stone_pickaxe":5,"minecraft:iron_sword":1,"minecraft:iron_pickaxe":13},"minecraft:used":{"minecraft:stone_sword":59,"minecraft:iron_shovel":23,"minecraft:flint_and_steel":1,"minecraft:chest":20,"minecraft:spruce_planks":16,"minecraft:shield":58,"minecraft:iron_sword":335,"minecraft:torch":270,"minecraft:soul_sand":6,"minecraft:dirt":32,"minecraft:granite":29,"minecraft:obsidian":10,"minecraft:stone_brick_slab":7,"minecraft:wooden_axe":38,"minecraft:lava_bucket":2,"minecraft:iron_axe":85,"minecraft:stone_brick_stairs":26,"minecraft:stone_bricks":467,"minecraft:bow":1,"minecraft:sweet_berries":24,"minecraft:oak_sapling":1,"minecraft:furnace":8,"minecraft:cooked_beef":4,"minecraft:cooked_mutton":23,"minecraft:water_bucket":36,"minecraft:diorite":2,"minecraft:spruce_door":2,"minecraft:stone_pickaxe":707,"minecraft:wooden_pickaxe":46,"minecraft:stonecutter":3,"minecraft:crafting_table":10,"minecraft:red_bed":2,"minecraft:white_bed":7,"minecraft:diamond_pickaxe":721,"minecraft:apple":1,"minecraft:iron_pickaxe":3499,"minecraft:bread":14,"minecraft:brown_wool":1,"minecraft:iron_door":2,"minecraft:gravel":17,"minecraft:stone_axe":20,"minecraft:diamond_sword":56,"minecraft:wooden_sword":64,"minecraft:cobblestone":556,"minecraft:cooked_porkchop":27,"minecraft:andesite":25,"minecraft:bucket":40,"minecraft:dandelion":1},"minecraft:picked_up":{"minecraft:iron_chestplate":2,"minecraft:crafting_table":6,"minecraft:wheat":168,"minecraft:chicken":10,"minecraft:diamond_sword":1,"minecraft:stone_brick_stairs":4,"minecraft:shield":4,"minecraft:string":8,"minecraft:red_bed":2,"minecraft:iron_axe":1,"minecraft:flint_and_steel":1,"minecraft:iron_leggings":2,"minecraft:iron_shovel":1,"minecraft:spruce_planks":86,"minecraft:beef":5,"minecraft:poppy":2,"minecraft:sugar_cane":8,"minecraft:chest":2,"minecraft:birch_sapling":4,"minecraft:furnace":6,"minecraft:iron_boots":1,"minecraft:stick":54,"minecraft:stone":28,"minecraft:torch":129,"minecraft:porkchop":20,"minecraft:diorite":110,"minecraft:carrot":1,"minecraft:redstone":653,"minecraft:arrow":28,"minecraft:rotten_flesh":72,"minecraft:diamond_boots":1,"minecraft:hay_block":4,"minecraft:obsidian":15,"minecraft:mutton":34,"minecraft:white_wool":23,"minecraft:cobblestone":3414,"minecraft:birch_log":32,"minecraft:feather":8,"minecraft:cooked_beef":11,"minecraft:water_bucket":2,"minecraft:andesite":236,"minecraft:brown_wool":1,"minecraft:leather":20,"minecraft:flint":9,"minecraft:oak_log":113,"minecraft:gunpowder":32,"minecraft:lapis_lazuli":89,"minecraft:dirt":133,"minecraft:cooked_mutton":46,"minecraft:bone":30,"minecraft:apple":1,"minecraft:stone_bricks":20,"minecraft:bow":4,"minecraft:stonecutter":2,"minecraft:wheat_seeds":5,"minecraft:iron_ingot":74,"minecraft:stone_pickaxe":1,"minecraft:iron_ore":423,"minecraft:diamond_helmet":1,"minecraft:iron_sword":1,"minecraft:oak_planks":16,"minecraft:soul_sand":6,"minecraft:book":2,"minecraft:cooked_porkchop":12,"minecraft:sweet_berries":23,"minecraft:stone_brick_slab":1,"minecraft:dandelion":1,"minecraft:gravel":45,"minecraft:sand":3,"minecraft:spruce_sapling":16,"minecraft:white_bed":7,"minecraft:spruce_log":88,"minecraft:gold_ore":49,"minecraft:spruce_door":3,"minecraft:spider_eye":2,"minecraft:slime_ball":11,"minecraft:diamond":93,"minecraft:spruce_boat":1,"minecraft:iron_helmet":1,"minecraft:granite":182,"minecraft:diamond_axe":1,"minecraft:oak_sapling":11,"minecraft:coal":478,"minecraft:diamond_pickaxe":2},"minecraft:dropped":{"minecraft:wheat_seeds":5,"minecraft:oak_log":1,"minecraft:iron_helmet":1,"minecraft:granite":106,"minecraft:cobblestone_stairs":34,"minecraft:dirt":93,"minecraft:diorite":61,"minecraft:wooden_axe":1,"minecraft:iron_leggings":1,"minecraft:wooden_sword":1,"minecraft:string":2,"minecraft:bone":5,"minecraft:gravel":28,"minecraft:stone_axe":1,"minecraft:stone_sword":1,"minecraft:rotten_flesh":52,"minecraft:iron_boots":1,"minecraft:carrot":1,"minecraft:poppy":1,"minecraft:gunpowder":16,"minecraft:spruce_planks":1,"minecraft:diamond_pickaxe":1,"minecraft:iron_chestplate":1,"minecraft:andesite":193,"minecraft:spider_eye":2,"minecraft:bow":3,"minecraft:arrow":8,"minecraft:wooden_pickaxe":1,"minecraft:stone_pickaxe":1},"minecraft:crafted":{"minecraft:wooden_sword":1,"minecraft:oak_planks":248,"minecraft:furnace":2,"minecraft:stone":554,"minecraft:cooked_mutton":34,"minecraft:iron_boots":3,"minecraft:iron_axe":1,"minecraft:stone_pickaxe":6,"minecraft:chest":18,"minecraft:iron_door":3,"minecraft:redstone_block":66,"minecraft:golden_helmet":1,"minecraft:wheat":36,"minecraft:cooked_beef":5,"minecraft:red_dye":1,"minecraft:cooked_porkchop":20,"minecraft:crafting_table":5,"minecraft:spruce_planks":96,"minecraft:wooden_pickaxe":1,"minecraft:iron_helmet":2,"minecraft:iron_sword":3,"minecraft:spruce_door":3,"minecraft:red_bed":1,"minecraft:bucket":2,"minecraft:stone_axe":1,"minecraft:air":0,"minecraft:bread":50,"minecraft:iron_chestplate":3,"minecraft:diamond_pickaxe":1,"minecraft:shield":1,"minecraft:stick":112,"minecraft:iron_ingot":390,"minecraft:iron_pickaxe":16,"minecraft:wooden_axe":1,"minecraft:stone_sword":1,"minecraft:iron_leggings":3,"minecraft:gold_ingot":18,"minecraft:stonecutter":1,"minecraft:white_bed":1,"minecraft:torch":292},"minecraft:killed":{"minecraft:spider":5,"minecraft:slime":12,"minecraft:skeleton":25,"minecraft:chicken":5,"minecraft:pig":8,"minecraft:zombie_villager":1,"minecraft:bat":2,"minecraft:creeper":5,"minecraft:sheep":13,"minecraft:zombie":67,"minecraft:ghast":1,"minecraft:villager":1,"minecraft:cow":3},"minecraft:mined":{"minecraft:diamond_ore":86,"minecraft:spruce_planks":2,"minecraft:white_bed":7,"minecraft:oak_sapling":1,"minecraft:obsidian":16,"minecraft:granite":186,"minecraft:grass_block":17,"minecraft:spruce_leaves":32,"minecraft:hay_block":4,"minecraft:redstone_ore":131,"minecraft:furnace":5,"minecraft:iron_ore":427,"minecraft:andesite":235,"minecraft:stone":3108,"minecraft:red_bed":1,"minecraft:stone_brick_slab":1,"minecraft:dandelion":1,"minecraft:spruce_door":2,"minecraft:crafting_table":5,"minecraft:torch":52,"minecraft:poppy":1,"minecraft:chest":2,"minecraft:tall_grass":13,"minecraft:cobblestone":74,"minecraft:lapis_ore":5,"minecraft:sugar_cane":2,"minecraft:wall_torch":31,"minecraft:diorite":110,"minecraft:birch_log":16,"minecraft:sweet_berry_bush":11,"minecraft:spruce_log":22,"minecraft:birch_leaves":20,"minecraft:grass_path":12,"minecraft:grass":44,"minecraft:oak_log":62,"minecraft:coal_ore":358,"minecraft:gravel":37,"minecraft:dirt":104,"minecraft:stonecutter":2,"minecraft:stone_bricks":20,"minecraft:gold_ore":42,"minecraft:oak_leaves":10,"minecraft:fern":1},"minecraft:custom":{"minecraft:mob_kills":150,"minecraft:animals_bred":2,"minecraft:interact_with_crafting_table":61,"minecraft:leave_game":7,"minecraft:time_since_death":83577,"minecraft:climb_one_cm":214,"minecraft:sprint_one_cm":1043259,"minecraft:walk_one_cm":936472,"minecraft:damage_blocked_by_shield":1070,"minecraft:drop":77,"minecraft:talked_to_villager":3,"minecraft:deaths":6,"minecraft:sneak_time":36193,"minecraft:walk_under_water_one_cm":4524,"minecraft:jump":4941,"minecraft:walk_on_water_one_cm":33992,"minecraft:interact_with_furnace":215,"minecraft:play_one_minute":392553,"minecraft:interact_with_stonecutter":17,"minecraft:sleep_in_bed":19,"minecraft:time_since_rest":83607,"minecraft:damage_taken":4865,"minecraft:damage_dealt":24461,"minecraft:player_kills":3,"minecraft:swim_one_cm":3865,"minecraft:fly_one_cm":645326,"minecraft:open_chest":263,"minecraft:crouch_one_cm":99151,"minecraft:fall_one_cm":77091},"minecraft:killed_by":{"minecraft:piglin":2,"minecraft:skeleton":1}},"DataVersion":2586}