{"stats":{"minecraft:used":{"minecraft:wooden_axe":36,"minecraft:spruce_planks":10,"minecraft:wooden_pickaxe":40,"minecraft:wooden_sword":64,"minecraft:sweet_berries":10,"minecraft:crafting_table":2,"minecraft:white_bed":1},"minecraft:picked_up":{"minecraft:stick":8,"minecraft:crafting_table":1,"minecraft:feather":4,"minecraft:chicken":5,"minecraft:sweet_berries":23,"minecraft:leather":4,"minecraft:brown_wool":1,"minecraft:white_bed":1,"minecraft:spruce_sapling":8,"minecraft:gunpowder":2,"minecraft:spruce_log":24,"minecraft:wheat_seeds":3,"minecraft:spruce_planks":1,"minecraft:beef":5,"minecraft:sugar_cane":4,"minecraft:mutton":13,"minecraft:white_wool":7,"minecraft:cobblestone":40},"minecraft:crafted":{"minecraft:wooden_sword":1,"minecraft:crafting_table":1,"minecraft:stick":4,"minecraft:spruce_planks":96,"minecraft:wooden_pickaxe":1,"minecraft:wooden_axe":1,"minecraft:white_bed":1},"minecraft:mined":{"minecraft:spruce_planks":1,"minecraft:white_bed":1,"minecraft:sweet_berry_bush":10,"minecraft:spruce_log":22,"minecraft:crafting_table":1,"minecraft:grass":6,"minecraft:tall_grass":7,"minecraft:spruce_leaves":32,"minecraft:stone":40,"minecraft:sugar_cane":2,"minecraft:fern":1},"minecraft:killed":{"minecraft:sheep":8,"minecraft:chicken":5,"minecraft:creeper":1,"minecraft:cow":3},"minecraft:custom":{"minecraft:time_since_rest":1366,"minecraft:sprint_one_cm":40528,"minecraft:damage_taken":40,"minecraft:walk_one_cm":26347,"minecraft:mob_kills":17,"minecraft:damage_dealt":1847,"minecraft:swim_one_cm":109,"minecraft:interact_with_crafting_table":7,"minecraft:fly_one_cm":26507,"minecraft:player_kills":2,"minecraft:crouch_one_cm":1568,"minecraft:play_one_minute":11709,"minecraft:sneak_time":523,"minecraft:walk_under_water_one_cm":304,"minecraft:jump":164,"minecraft:time_since_death":11709,"minecraft:walk_on_water_one_cm":1140,"minecraft:sleep_in_bed":1,"minecraft:fall_one_cm":1846}},"DataVersion":2586}