{"stats":{"minecraft:broken":{"minecraft:stone_pickaxe":2,"minecraft:iron_pickaxe":3},"minecraft:used":{"minecraft:stone_sword":59,"minecraft:chest":2,"minecraft:spruce_planks":16,"minecraft:iron_sword":65,"minecraft:torch":73,"minecraft:dirt":2,"minecraft:granite":21,"minecraft:wooden_axe":38,"minecraft:iron_axe":74,"minecraft:stone_brick_stairs":26,"minecraft:stone_bricks":192,"minecraft:sweet_berries":24,"minecraft:furnace":7,"minecraft:oak_sapling":1,"minecraft:cooked_beef":4,"minecraft:spruce_door":2,"minecraft:stone_pickaxe":313,"minecraft:wooden_pickaxe":46,"minecraft:stonecutter":3,"minecraft:crafting_table":6,"minecraft:red_bed":2,"minecraft:white_bed":7,"minecraft:apple":1,"minecraft:brown_wool":1,"minecraft:iron_pickaxe":873,"minecraft:stone_axe":20,"minecraft:wooden_sword":64,"minecraft:cobblestone":48,"minecraft:cooked_porkchop":17,"minecraft:bucket":1,"minecraft:andesite":12,"minecraft:dandelion":1},"minecraft:picked_up":{"minecraft:crafting_table":4,"minecraft:chicken":5,"minecraft:shield":1,"minecraft:string":3,"minecraft:red_bed":1,"minecraft:spruce_planks":2,"minecraft:beef":5,"minecraft:poppy":1,"minecraft:sugar_cane":4,"minecraft:chest":1,"minecraft:birch_sapling":2,"minecraft:furnace":5,"minecraft:stick":15,"minecraft:stone":28,"minecraft:torch":34,"minecraft:porkchop":20,"minecraft:diorite":1,"minecraft:arrow":4,"minecraft:rotten_flesh":18,"minecraft:mutton":23,"minecraft:white_wool":13,"minecraft:cobblestone":957,"minecraft:birch_log":16,"minecraft:feather":4,"minecraft:andesite":54,"minecraft:leather":4,"minecraft:brown_wool":1,"minecraft:oak_log":62,"minecraft:gunpowder":8,"minecraft:dirt":28,"minecraft:bone":6,"minecraft:apple":1,"minecraft:stone_bricks":1,"minecraft:stonecutter":2,"minecraft:wheat_seeds":3,"minecraft:iron_ore":107,"minecraft:sweet_berries":23,"minecraft:dandelion":1,"minecraft:spruce_sapling":8,"minecraft:white_bed":7,"minecraft:spruce_log":24,"minecraft:spider_eye":1,"minecraft:granite":45,"minecraft:oak_sapling":6,"minecraft:coal":217},"minecraft:dropped":{"minecraft:wheat_seeds":3,"minecraft:granite":24,"minecraft:cobblestone_stairs":34,"minecraft:dirt":26,"minecraft:diorite":1,"minecraft:wooden_axe":1,"minecraft:wooden_sword":1,"minecraft:stone_axe":1,"minecraft:stone_sword":1,"minecraft:rotten_flesh":18,"minecraft:spruce_planks":1,"minecraft:andesite":42,"minecraft:spider_eye":1,"minecraft:arrow":2,"minecraft:wooden_pickaxe":1,"minecraft:stone_pickaxe":1},"minecraft:crafted":{"minecraft:wooden_sword":1,"minecraft:oak_planks":52,"minecraft:furnace":2,"minecraft:stone":196,"minecraft:cooked_mutton":23,"minecraft:iron_boots":1,"minecraft:iron_axe":1,"minecraft:stone_pickaxe":3,"minecraft:chest":1,"minecraft:cooked_beef":5,"minecraft:red_dye":1,"minecraft:cooked_porkchop":20,"minecraft:crafting_table":2,"minecraft:spruce_planks":96,"minecraft:wooden_pickaxe":1,"minecraft:iron_helmet":1,"minecraft:iron_sword":1,"minecraft:spruce_door":3,"minecraft:red_bed":1,"minecraft:bucket":1,"minecraft:stone_axe":1,"minecraft:air":0,"minecraft:iron_chestplate":1,"minecraft:shield":1,"minecraft:stick":56,"minecraft:iron_pickaxe":4,"minecraft:iron_ingot":107,"minecraft:wooden_axe":1,"minecraft:stone_sword":1,"minecraft:iron_leggings":1,"minecraft:stonecutter":1,"minecraft:white_bed":1,"minecraft:torch":80},"minecraft:killed":{"minecraft:spider":3,"minecraft:skeleton":3,"minecraft:chicken":5,"minecraft:pig":8,"minecraft:bat":2,"minecraft:creeper":5,"minecraft:sheep":13,"minecraft:zombie":6,"minecraft:cow":3},"minecraft:mined":{"minecraft:spruce_planks":2,"minecraft:white_bed":7,"minecraft:oak_sapling":1,"minecraft:granite":45,"minecraft:grass_block":5,"minecraft:spruce_leaves":32,"minecraft:furnace":5,"minecraft:iron_ore":107,"minecraft:andesite":54,"minecraft:stone":845,"minecraft:red_bed":1,"minecraft:dandelion":1,"minecraft:crafting_table":4,"minecraft:torch":8,"minecraft:poppy":1,"minecraft:chest":1,"minecraft:cobblestone":7,"minecraft:tall_grass":10,"minecraft:sugar_cane":2,"minecraft:diorite":1,"minecraft:wall_torch":13,"minecraft:birch_log":16,"minecraft:sweet_berry_bush":11,"minecraft:spruce_log":22,"minecraft:birch_leaves":20,"minecraft:grass_path":4,"minecraft:grass":17,"minecraft:oak_log":62,"minecraft:coal_ore":156,"minecraft:dirt":19,"minecraft:stonecutter":2,"minecraft:stone_bricks":1,"minecraft:oak_leaves":10,"minecraft:fern":1},"minecraft:custom":{"minecraft:mob_kills":48,"minecraft:interact_with_crafting_table":34,"minecraft:leave_game":4,"minecraft:time_since_death":126330,"minecraft:climb_one_cm":214,"minecraft:sprint_one_cm":434003,"minecraft:walk_one_cm":313474,"minecraft:drop":26,"minecraft:talked_to_villager":3,"minecraft:sneak_time":6434,"minecraft:walk_under_water_one_cm":729,"minecraft:jump":2229,"minecraft:walk_on_water_one_cm":11904,"minecraft:interact_with_furnace":111,"minecraft:play_one_minute":126330,"minecraft:interact_with_stonecutter":9,"minecraft:sleep_in_bed":15,"minecraft:time_since_rest":6273,"minecraft:damage_taken":1201,"minecraft:damage_dealt":6759,"minecraft:swim_one_cm":3865,"minecraft:fly_one_cm":390585,"minecraft:player_kills":2,"minecraft:open_chest":63,"minecraft:crouch_one_cm":17674,"minecraft:fall_one_cm":54236}},"DataVersion":2586}