{"stats":{"minecraft:broken":{"minecraft:stone_pickaxe":2,"minecraft:iron_pickaxe":2},"minecraft:used":{"minecraft:spruce_door":2,"minecraft:stone_sword":59,"minecraft:stone_pickaxe":313,"minecraft:chest":2,"minecraft:spruce_planks":16,"minecraft:wooden_pickaxe":46,"minecraft:iron_sword":18,"minecraft:stonecutter":2,"minecraft:torch":59,"minecraft:dirt":2,"minecraft:crafting_table":5,"minecraft:white_bed":7,"minecraft:granite":21,"minecraft:wooden_axe":38,"minecraft:apple":1,"minecraft:iron_pickaxe":749,"minecraft:iron_axe":73,"minecraft:brown_wool":1,"minecraft:stone_bricks":40,"minecraft:stone_brick_stairs":26,"minecraft:stone_axe":20,"minecraft:wooden_sword":64,"minecraft:cobblestone":48,"minecraft:sweet_berries":24,"minecraft:oak_sapling":1,"minecraft:furnace":5,"minecraft:cooked_porkchop":12,"minecraft:andesite":12,"minecraft:bucket":1,"minecraft:cooked_beef":4,"minecraft:dandelion":1},"minecraft:picked_up":{"minecraft:birch_log":16,"minecraft:crafting_table":3,"minecraft:feather":4,"minecraft:chicken":5,"minecraft:andesite":54,"minecraft:brown_wool":1,"minecraft:leather":4,"minecraft:oak_log":62,"minecraft:shield":1,"minecraft:gunpowder":6,"minecraft:dirt":28,"minecraft:bone":4,"minecraft:apple":1,"minecraft:stonecutter":1,"minecraft:wheat_seeds":3,"minecraft:spruce_planks":2,"minecraft:beef":5,"minecraft:iron_ore":107,"minecraft:sugar_cane":4,"minecraft:chest":1,"minecraft:birch_sapling":2,"minecraft:furnace":3,"minecraft:stick":15,"minecraft:sweet_berries":23,"minecraft:torch":23,"minecraft:dandelion":1,"minecraft:porkchop":20,"minecraft:spruce_sapling":8,"minecraft:diorite":1,"minecraft:white_bed":6,"minecraft:spruce_log":24,"minecraft:arrow":2,"minecraft:rotten_flesh":4,"minecraft:granite":39,"minecraft:oak_sapling":6,"minecraft:mutton":23,"minecraft:coal":169,"minecraft:white_wool":13,"minecraft:cobblestone":743},"minecraft:dropped":{"minecraft:stone_axe":1,"minecraft:wheat_seeds":3,"minecraft:stone_sword":1,"minecraft:rotten_flesh":4,"minecraft:granite":18,"minecraft:cobblestone_stairs":34,"minecraft:dirt":26,"minecraft:diorite":1,"minecraft:spruce_planks":1,"minecraft:wooden_axe":1,"minecraft:andesite":42,"minecraft:wooden_sword":1,"minecraft:wooden_pickaxe":1,"minecraft:stone_pickaxe":1},"minecraft:crafted":{"minecraft:cooked_beef":5,"minecraft:wooden_sword":1,"minecraft:oak_planks":52,"minecraft:cooked_porkchop":20,"minecraft:crafting_table":2,"minecraft:spruce_planks":96,"minecraft:wooden_pickaxe":1,"minecraft:iron_helmet":1,"minecraft:iron_sword":1,"minecraft:spruce_door":3,"minecraft:furnace":2,"minecraft:stone":73,"minecraft:bucket":1,"minecraft:stone_axe":1,"minecraft:cooked_mutton":23,"minecraft:air":0,"minecraft:iron_boots":1,"minecraft:iron_chestplate":1,"minecraft:shield":1,"minecraft:iron_axe":1,"minecraft:stick":28,"minecraft:iron_ingot":107,"minecraft:iron_pickaxe":3,"minecraft:stone_pickaxe":3,"minecraft:wooden_axe":1,"minecraft:stone_sword":1,"minecraft:chest":1,"minecraft:iron_leggings":1,"minecraft:stonecutter":1,"minecraft:white_bed":1,"minecraft:torch":48},"minecraft:killed":{"minecraft:pig":8,"minecraft:creeper":3,"minecraft:sheep":13,"minecraft:skeleton":2,"minecraft:zombie":4,"minecraft:chicken":5,"minecraft:cow":3},"minecraft:mined":{"minecraft:spruce_planks":2,"minecraft:white_bed":6,"minecraft:oak_sapling":1,"minecraft:dandelion":1,"minecraft:crafting_table":3,"minecraft:torch":2,"minecraft:granite":39,"minecraft:grass_block":5,"minecraft:chest":1,"minecraft:tall_grass":8,"minecraft:spruce_leaves":32,"minecraft:sugar_cane":2,"minecraft:diorite":1,"minecraft:wall_torch":8,"minecraft:furnace":3,"minecraft:birch_log":16,"minecraft:iron_ore":107,"minecraft:sweet_berry_bush":11,"minecraft:spruce_log":22,"minecraft:birch_leaves":20,"minecraft:andesite":54,"minecraft:grass_path":4,"minecraft:grass":14,"minecraft:oak_log":62,"minecraft:coal_ore":156,"minecraft:dirt":19,"minecraft:stonecutter":1,"minecraft:stone":738,"minecraft:oak_leaves":10,"minecraft:fern":1},"minecraft:custom":{"minecraft:interact_with_furnace":72,"minecraft:mob_kills":38,"minecraft:interact_with_crafting_table":28,"minecraft:play_one_minute":102388,"minecraft:interact_with_stonecutter":5,"minecraft:leave_game":3,"minecraft:time_since_death":102388,"minecraft:sleep_in_bed":13,"minecraft:climb_one_cm":214,"minecraft:time_since_rest":5207,"minecraft:sprint_one_cm":339276,"minecraft:damage_taken":922,"minecraft:walk_one_cm":231829,"minecraft:drop":20,"minecraft:damage_dealt":4785,"minecraft:player_kills":2,"minecraft:swim_one_cm":3865,"minecraft:talked_to_villager":2,"minecraft:fly_one_cm":329733,"minecraft:open_chest":50,"minecraft:crouch_one_cm":17552,"minecraft:sneak_time":6384,"minecraft:walk_under_water_one_cm":729,"minecraft:jump":1862,"minecraft:walk_on_water_one_cm":11904,"minecraft:fall_one_cm":43501}},"DataVersion":2586}