{"stats":{"minecraft:broken":{"minecraft:stone_pickaxe":5,"minecraft:iron_pickaxe":4},"minecraft:used":{"minecraft:stone_sword":59,"minecraft:chest":20,"minecraft:spruce_planks":16,"minecraft:shield":47,"minecraft:iron_sword":157,"minecraft:torch":120,"minecraft:dirt":2,"minecraft:granite":29,"minecraft:stone_brick_slab":7,"minecraft:wooden_axe":38,"minecraft:lava_bucket":2,"minecraft:iron_axe":77,"minecraft:stone_brick_stairs":26,"minecraft:stone_bricks":453,"minecraft:sweet_berries":24,"minecraft:oak_sapling":1,"minecraft:furnace":7,"minecraft:cooked_beef":4,"minecraft:cooked_mutton":8,"minecraft:water_bucket":1,"minecraft:spruce_door":2,"minecraft:stone_pickaxe":707,"minecraft:wooden_pickaxe":46,"minecraft:stonecutter":3,"minecraft:crafting_table":10,"minecraft:red_bed":2,"minecraft:white_bed":7,"minecraft:apple":1,"minecraft:brown_wool":1,"minecraft:iron_pickaxe":1110,"minecraft:stone_axe":20,"minecraft:wooden_sword":64,"minecraft:cobblestone":203,"minecraft:cooked_porkchop":20,"minecraft:andesite":14,"minecraft:bucket":3,"minecraft:dandelion":1},"minecraft:picked_up":{"minecraft:iron_chestplate":1,"minecraft:crafting_table":5,"minecraft:chicken":10,"minecraft:stone_brick_stairs":4,"minecraft:shield":3,"minecraft:string":6,"minecraft:red_bed":1,"minecraft:iron_axe":1,"minecraft:iron_leggings":1,"minecraft:spruce_planks":36,"minecraft:beef":5,"minecraft:poppy":1,"minecraft:sugar_cane":8,"minecraft:chest":2,"minecraft:birch_sapling":4,"minecraft:iron_boots":1,"minecraft:furnace":5,"minecraft:stick":41,"minecraft:stone":28,"minecraft:torch":71,"minecraft:porkchop":20,"minecraft:diorite":11,"minecraft:carrot":1,"minecraft:arrow":10,"minecraft:rotten_flesh":25,"minecraft:mutton":23,"minecraft:white_wool":23,"minecraft:cobblestone":1457,"minecraft:birch_log":32,"minecraft:feather":8,"minecraft:water_bucket":1,"minecraft:andesite":74,"minecraft:brown_wool":1,"minecraft:leather":8,"minecraft:oak_log":111,"minecraft:gunpowder":32,"minecraft:dirt":29,"minecraft:cooked_mutton":46,"minecraft:bone":14,"minecraft:apple":1,"minecraft:stone_bricks":10,"minecraft:bow":1,"minecraft:stonecutter":2,"minecraft:wheat_seeds":3,"minecraft:stone_pickaxe":1,"minecraft:iron_ingot":59,"minecraft:iron_ore":179,"minecraft:iron_sword":1,"minecraft:oak_planks":16,"minecraft:book":2,"minecraft:sweet_berries":23,"minecraft:stone_brick_slab":1,"minecraft:dandelion":1,"minecraft:gravel":1,"minecraft:spruce_sapling":16,"minecraft:white_bed":7,"minecraft:spruce_log":24,"minecraft:spruce_door":1,"minecraft:spider_eye":1,"minecraft:iron_helmet":1,"minecraft:granite":70,"minecraft:oak_sapling":11,"minecraft:coal":335},"minecraft:dropped":{"minecraft:wheat_seeds":3,"minecraft:granite":41,"minecraft:cobblestone_stairs":34,"minecraft:dirt":26,"minecraft:diorite":11,"minecraft:wooden_axe":1,"minecraft:wooden_sword":1,"minecraft:bone":2,"minecraft:stone_axe":1,"minecraft:stone_sword":1,"minecraft:rotten_flesh":24,"minecraft:carrot":1,"minecraft:gunpowder":16,"minecraft:spruce_planks":1,"minecraft:andesite":60,"minecraft:spider_eye":1,"minecraft:arrow":8,"minecraft:bow":1,"minecraft:wooden_pickaxe":1,"minecraft:stone_pickaxe":1},"minecraft:crafted":{"minecraft:wooden_sword":1,"minecraft:oak_planks":248,"minecraft:furnace":2,"minecraft:stone":554,"minecraft:cooked_mutton":23,"minecraft:iron_boots":1,"minecraft:iron_axe":1,"minecraft:stone_pickaxe":6,"minecraft:chest":18,"minecraft:cooked_beef":5,"minecraft:red_dye":1,"minecraft:cooked_porkchop":20,"minecraft:crafting_table":5,"minecraft:spruce_planks":96,"minecraft:wooden_pickaxe":1,"minecraft:iron_helmet":1,"minecraft:iron_sword":1,"minecraft:spruce_door":3,"minecraft:red_bed":1,"minecraft:bucket":1,"minecraft:stone_axe":1,"minecraft:air":0,"minecraft:iron_chestplate":1,"minecraft:shield":1,"minecraft:stick":56,"minecraft:iron_pickaxe":6,"minecraft:iron_ingot":170,"minecraft:wooden_axe":1,"minecraft:stone_sword":1,"minecraft:iron_leggings":1,"minecraft:stonecutter":1,"minecraft:white_bed":1,"minecraft:torch":144},"minecraft:killed":{"minecraft:spider":3,"minecraft:skeleton":8,"minecraft:chicken":5,"minecraft:pig":8,"minecraft:bat":2,"minecraft:creeper":5,"minecraft:sheep":13,"minecraft:zombie":21,"minecraft:cow":3},"minecraft:mined":{"minecraft:spruce_planks":2,"minecraft:white_bed":7,"minecraft:oak_sapling":1,"minecraft:granite":70,"minecraft:grass_block":5,"minecraft:spruce_leaves":32,"minecraft:furnace":5,"minecraft:iron_ore":179,"minecraft:andesite":74,"minecraft:stone":1219,"minecraft:red_bed":1,"minecraft:stone_brick_slab":1,"minecraft:dandelion":1,"minecraft:crafting_table":5,"minecraft:torch":14,"minecraft:poppy":1,"minecraft:chest":2,"minecraft:cobblestone":47,"minecraft:tall_grass":10,"minecraft:sugar_cane":2,"minecraft:diorite":11,"minecraft:wall_torch":16,"minecraft:birch_log":16,"minecraft:sweet_berry_bush":11,"minecraft:spruce_log":22,"minecraft:birch_leaves":20,"minecraft:grass_path":4,"minecraft:grass":17,"minecraft:oak_log":62,"minecraft:coal_ore":234,"minecraft:dirt":20,"minecraft:stonecutter":2,"minecraft:stone_bricks":10,"minecraft:oak_leaves":10,"minecraft:fern":1},"minecraft:custom":{"minecraft:mob_kills":69,"minecraft:interact_with_crafting_table":45,"minecraft:leave_game":6,"minecraft:time_since_death":43967,"minecraft:climb_one_cm":214,"minecraft:sprint_one_cm":577458,"minecraft:walk_one_cm":499805,"minecraft:damage_blocked_by_shield":710,"minecraft:drop":41,"minecraft:talked_to_villager":3,"minecraft:deaths":1,"minecraft:sneak_time":13449,"minecraft:walk_under_water_one_cm":729,"minecraft:jump":2731,"minecraft:walk_on_water_one_cm":13264,"minecraft:interact_with_furnace":149,"minecraft:play_one_minute":218721,"minecraft:interact_with_stonecutter":17,"minecraft:sleep_in_bed":17,"minecraft:time_since_rest":22374,"minecraft:damage_taken":2092,"minecraft:damage_dealt":11175,"minecraft:swim_one_cm":3865,"minecraft:fly_one_cm":433525,"minecraft:player_kills":2,"minecraft:open_chest":110,"minecraft:crouch_one_cm":35695,"minecraft:fall_one_cm":59891},"minecraft:killed_by":{"minecraft:skeleton":1}},"DataVersion":2586}