{"stats":{"minecraft:broken":{"minecraft:iron_shovel":2,"minecraft:stone_pickaxe":5,"minecraft:diamond_pickaxe":1,"minecraft:iron_sword":1,"minecraft:iron_pickaxe":16},"minecraft:used":{"minecraft:stone_sword":59,"minecraft:iron_shovel":539,"minecraft:flint_and_steel":1,"minecraft:chest":20,"minecraft:spruce_planks":16,"minecraft:shield":58,"minecraft:iron_sword":385,"minecraft:torch":348,"minecraft:soul_sand":6,"minecraft:dirt":284,"minecraft:granite":29,"minecraft:obsidian":10,"minecraft:iron_hoe":10,"minecraft:wooden_axe":38,"minecraft:stone_brick_slab":7,"minecraft:lava_bucket":2,"minecraft:iron_axe":100,"minecraft:stone_brick_stairs":106,"minecraft:stone_bricks":1134,"minecraft:bow":1,"minecraft:sweet_berries":24,"minecraft:oak_sapling":1,"minecraft:furnace":11,"minecraft:cooked_beef":4,"minecraft:stone_pressure_plate":2,"minecraft:cooked_mutton":23,"minecraft:water_bucket":60,"minecraft:diorite":3,"minecraft:spruce_door":2,"minecraft:stone_pickaxe":707,"minecraft:wooden_pickaxe":46,"minecraft:stonecutter":4,"minecraft:crafting_table":10,"minecraft:red_bed":2,"minecraft:white_bed":8,"minecraft:diamond_pickaxe":2534,"minecraft:apple":1,"minecraft:iron_pickaxe":3996,"minecraft:stone_button":5,"minecraft:bread":42,"minecraft:brown_wool":1,"minecraft:gravel":17,"minecraft:iron_door":3,"minecraft:stone_axe":20,"minecraft:diamond_sword":56,"minecraft:wooden_sword":64,"minecraft:cobblestone":808,"minecraft:cooked_porkchop":27,"minecraft:andesite":41,"minecraft:bucket":64,"minecraft:dandelion":3},"minecraft:picked_up":{"minecraft:iron_chestplate":2,"minecraft:crafting_table":6,"minecraft:wheat":175,"minecraft:azure_bluet":16,"minecraft:chicken":10,"minecraft:diamond_sword":1,"minecraft:stone_brick_stairs":4,"minecraft:shield":4,"minecraft:cornflower":1,"minecraft:string":8,"minecraft:red_bed":2,"minecraft:soul_soil":10,"minecraft:iron_axe":2,"minecraft:flint_and_steel":1,"minecraft:iron_leggings":2,"minecraft:iron_shovel":1,"minecraft:gold_nugget":1,"minecraft:spruce_planks":86,"minecraft:beef":5,"minecraft:poppy":2,"minecraft:iron_pickaxe":1,"minecraft:sugar_cane":8,"minecraft:chest":2,"minecraft:birch_sapling":4,"minecraft:iron_boots":1,"minecraft:furnace":7,"minecraft:stick":54,"minecraft:stone":28,"minecraft:torch":162,"minecraft:porkchop":20,"minecraft:stone_button":1,"minecraft:diorite":299,"minecraft:carrot":1,"minecraft:redstone":653,"minecraft:stone_pressure_plate":4,"minecraft:arrow":30,"minecraft:rotten_flesh":78,"minecraft:diamond_boots":1,"minecraft:hay_block":5,"minecraft:obsidian":25,"minecraft:mutton":34,"minecraft:bone_block":26,"minecraft:white_wool":23,"minecraft:cobblestone":5197,"minecraft:oxeye_daisy":20,"minecraft:birch_log":32,"minecraft:feather":8,"minecraft:cooked_beef":11,"minecraft:iron_door":1,"minecraft:water_bucket":2,"minecraft:andesite":316,"minecraft:brown_wool":1,"minecraft:leather":20,"minecraft:flint":9,"minecraft:oak_log":123,"minecraft:gunpowder":34,"minecraft:lapis_lazuli":89,"minecraft:dirt":408,"minecraft:cooked_mutton":46,"minecraft:bone":30,"minecraft:apple":1,"minecraft:stone_bricks":36,"minecraft:bow":4,"minecraft:stonecutter":3,"minecraft:wheat_seeds":66,"minecraft:iron_ingot":114,"minecraft:stone_pickaxe":1,"minecraft:iron_ore":466,"minecraft:diamond_helmet":1,"minecraft:iron_sword":1,"minecraft:oak_planks":16,"minecraft:soul_sand":9,"minecraft:book":2,"minecraft:ghast_tear":1,"minecraft:cooked_porkchop":12,"minecraft:sweet_berries":23,"minecraft:stone_brick_slab":1,"minecraft:dandelion":18,"minecraft:gravel":45,"minecraft:sand":3,"minecraft:spruce_sapling":16,"minecraft:white_bed":8,"minecraft:spruce_log":88,"minecraft:gold_ore":54,"minecraft:spruce_door":3,"minecraft:spider_eye":2,"minecraft:slime_ball":11,"minecraft:diamond":93,"minecraft:spruce_boat":1,"minecraft:iron_helmet":1,"minecraft:granite":235,"minecraft:diamond_axe":1,"minecraft:oak_sapling":11,"minecraft:coal":537,"minecraft:diamond_pickaxe":2},"minecraft:dropped":{"minecraft:wheat_seeds":33,"minecraft:oak_log":1,"minecraft:iron_helmet":1,"minecraft:granite":159,"minecraft:cobblestone_stairs":34,"minecraft:dirt":117,"minecraft:diorite":249,"minecraft:wooden_axe":1,"minecraft:iron_leggings":1,"minecraft:wooden_sword":1,"minecraft:string":2,"minecraft:dandelion":3,"minecraft:bone":5,"minecraft:gravel":28,"minecraft:stone_axe":1,"minecraft:stone_sword":1,"minecraft:wheat":7,"minecraft:rotten_flesh":56,"minecraft:iron_boots":1,"minecraft:carrot":1,"minecraft:poppy":1,"minecraft:gunpowder":16,"minecraft:spruce_planks":1,"minecraft:diamond_pickaxe":1,"minecraft:iron_chestplate":1,"minecraft:andesite":257,"minecraft:stone_bricks":1,"minecraft:stone_pressure_plate":2,"minecraft:spider_eye":2,"minecraft:bow":3,"minecraft:arrow":8,"minecraft:wooden_pickaxe":1,"minecraft:stone_pickaxe":1},"minecraft:crafted":{"minecraft:wooden_sword":1,"minecraft:oak_planks":292,"minecraft:furnace":9,"minecraft:stone_button":4,"minecraft:stone":1202,"minecraft:cooked_mutton":34,"minecraft:iron_boots":3,"minecraft:iron_axe":1,"minecraft:iron_hoe":1,"minecraft:stone_pickaxe":6,"minecraft:stone_pressure_plate":2,"minecraft:chest":18,"minecraft:iron_door":3,"minecraft:redstone_block":66,"minecraft:stone_bricks":1,"minecraft:golden_helmet":2,"minecraft:wheat":45,"minecraft:cooked_beef":5,"minecraft:red_dye":1,"minecraft:cooked_porkchop":20,"minecraft:crafting_table":5,"minecraft:spruce_planks":96,"minecraft:wooden_pickaxe":1,"minecraft:iron_helmet":2,"minecraft:iron_sword":3,"minecraft:spruce_door":3,"minecraft:red_bed":1,"minecraft:bucket":2,"minecraft:stone_axe":1,"minecraft:air":0,"minecraft:bread":50,"minecraft:iron_chestplate":3,"minecraft:diamond_pickaxe":2,"minecraft:shield":1,"minecraft:stick":200,"minecraft:iron_ingot":429,"minecraft:iron_pickaxe":16,"minecraft:wooden_axe":1,"minecraft:iron_shovel":2,"minecraft:stone_sword":1,"minecraft:iron_leggings":3,"minecraft:gold_ingot":49,"minecraft:stonecutter":1,"minecraft:white_bed":1,"minecraft:torch":392},"minecraft:killed":{"minecraft:zombified_piglin":1,"minecraft:spider":5,"minecraft:slime":12,"minecraft:skeleton":26,"minecraft:chicken":5,"minecraft:pig":8,"minecraft:zombie_villager":1,"minecraft:bat":2,"minecraft:creeper":5,"minecraft:sheep":13,"minecraft:zombie":76,"minecraft:ghast":1,"minecraft:villager":1,"minecraft:cow":3},"minecraft:mined":{"minecraft:diamond_ore":86,"minecraft:spruce_planks":2,"minecraft:stone_pressure_plate":2,"minecraft:white_bed":8,"minecraft:oak_sapling":1,"minecraft:farmland":3,"minecraft:obsidian":26,"minecraft:granite":239,"minecraft:stone_button":1,"minecraft:grass_block":181,"minecraft:spruce_leaves":32,"minecraft:hay_block":5,"minecraft:redstone_ore":131,"minecraft:furnace":6,"minecraft:iron_ore":470,"minecraft:andesite":316,"minecraft:stone":4886,"minecraft:bone_block":26,"minecraft:red_bed":1,"minecraft:soul_sand":10,"minecraft:soul_fire":19,"minecraft:stone_brick_slab":1,"minecraft:dandelion":4,"minecraft:spruce_door":2,"minecraft:cornflower":1,"minecraft:crafting_table":5,"minecraft:torch":54,"minecraft:poppy":1,"minecraft:chest":2,"minecraft:tall_grass":42,"minecraft:cobblestone":100,"minecraft:lapis_ore":5,"minecraft:iron_door":1,"minecraft:sugar_cane":2,"minecraft:wall_torch":60,"minecraft:diorite":299,"minecraft:birch_log":16,"minecraft:sweet_berry_bush":11,"minecraft:spruce_log":22,"minecraft:birch_leaves":20,"minecraft:grass_path":48,"minecraft:grass":369,"minecraft:oak_log":72,"minecraft:coal_ore":417,"minecraft:gravel":37,"minecraft:dirt":178,"minecraft:stonecutter":3,"minecraft:stone_bricks":36,"minecraft:gold_ore":47,"minecraft:oak_leaves":13,"minecraft:fern":1},"minecraft:custom":{"minecraft:mob_kills":161,"minecraft:animals_bred":11,"minecraft:interact_with_crafting_table":75,"minecraft:leave_game":8,"minecraft:time_since_death":328605,"minecraft:climb_one_cm":1170,"minecraft:sprint_one_cm":1423031,"minecraft:walk_one_cm":1399570,"minecraft:damage_blocked_by_shield":1070,"minecraft:drop":100,"minecraft:talked_to_villager":7,"minecraft:deaths":6,"minecraft:sneak_time":43978,"minecraft:walk_under_water_one_cm":4524,"minecraft:interact_with_brewingstand":1,"minecraft:jump":6322,"minecraft:walk_on_water_one_cm":42345,"minecraft:interact_with_furnace":290,"minecraft:play_one_minute":637581,"minecraft:interact_with_stonecutter":22,"minecraft:sleep_in_bed":25,"minecraft:time_since_rest":42953,"minecraft:damage_taken":5482,"minecraft:damage_dealt":26783,"minecraft:player_kills":3,"minecraft:swim_one_cm":3865,"minecraft:fly_one_cm":834955,"minecraft:open_chest":346,"minecraft:crouch_one_cm":120270,"minecraft:fall_one_cm":99626},"minecraft:killed_by":{"minecraft:piglin":2,"minecraft:skeleton":1}},"DataVersion":2586}