{"stats":{"minecraft:broken":{"minecraft:stone_pickaxe":5,"minecraft:iron_sword":1,"minecraft:iron_pickaxe":5},"minecraft:used":{"minecraft:stone_sword":59,"minecraft:iron_shovel":19,"minecraft:chest":20,"minecraft:spruce_planks":16,"minecraft:shield":58,"minecraft:iron_sword":279,"minecraft:torch":215,"minecraft:dirt":28,"minecraft:granite":29,"minecraft:stone_brick_slab":7,"minecraft:wooden_axe":38,"minecraft:lava_bucket":2,"minecraft:iron_axe":81,"minecraft:stone_brick_stairs":26,"minecraft:stone_bricks":453,"minecraft:sweet_berries":24,"minecraft:oak_sapling":1,"minecraft:furnace":8,"minecraft:cooked_beef":4,"minecraft:cooked_mutton":23,"minecraft:water_bucket":1,"minecraft:spruce_door":2,"minecraft:stone_pickaxe":707,"minecraft:wooden_pickaxe":46,"minecraft:stonecutter":3,"minecraft:crafting_table":10,"minecraft:red_bed":2,"minecraft:white_bed":7,"minecraft:diamond_pickaxe":74,"minecraft:apple":1,"minecraft:brown_wool":1,"minecraft:iron_pickaxe":1407,"minecraft:gravel":6,"minecraft:stone_axe":20,"minecraft:diamond_sword":53,"minecraft:wooden_sword":64,"minecraft:cobblestone":302,"minecraft:cooked_porkchop":26,"minecraft:andesite":14,"minecraft:bucket":4,"minecraft:dandelion":1},"minecraft:picked_up":{"minecraft:iron_chestplate":2,"minecraft:crafting_table":6,"minecraft:wheat":168,"minecraft:chicken":10,"minecraft:diamond_sword":1,"minecraft:stone_brick_stairs":4,"minecraft:shield":4,"minecraft:string":8,"minecraft:red_bed":2,"minecraft:iron_axe":1,"minecraft:flint_and_steel":1,"minecraft:iron_leggings":2,"minecraft:iron_shovel":1,"minecraft:spruce_planks":86,"minecraft:beef":5,"minecraft:poppy":2,"minecraft:sugar_cane":8,"minecraft:chest":2,"minecraft:birch_sapling":4,"minecraft:iron_boots":1,"minecraft:furnace":6,"minecraft:stick":54,"minecraft:stone":28,"minecraft:torch":106,"minecraft:porkchop":20,"minecraft:diorite":11,"minecraft:carrot":1,"minecraft:redstone":63,"minecraft:arrow":22,"minecraft:rotten_flesh":70,"minecraft:diamond_boots":1,"minecraft:mutton":34,"minecraft:white_wool":23,"minecraft:cobblestone":1672,"minecraft:birch_log":32,"minecraft:feather":8,"minecraft:cooked_beef":11,"minecraft:water_bucket":2,"minecraft:andesite":78,"minecraft:brown_wool":1,"minecraft:leather":20,"minecraft:oak_log":113,"minecraft:gunpowder":32,"minecraft:lapis_lazuli":60,"minecraft:dirt":59,"minecraft:cooked_mutton":46,"minecraft:bone":27,"minecraft:apple":1,"minecraft:stone_bricks":10,"minecraft:bow":4,"minecraft:stonecutter":2,"minecraft:wheat_seeds":5,"minecraft:stone_pickaxe":1,"minecraft:iron_ingot":74,"minecraft:iron_ore":270,"minecraft:diamond_helmet":1,"minecraft:iron_sword":1,"minecraft:oak_planks":16,"minecraft:book":2,"minecraft:cooked_porkchop":12,"minecraft:sweet_berries":23,"minecraft:stone_brick_slab":1,"minecraft:dandelion":1,"minecraft:gravel":10,"minecraft:sand":3,"minecraft:spruce_sapling":16,"minecraft:white_bed":7,"minecraft:spruce_log":88,"minecraft:gold_ore":8,"minecraft:spruce_door":3,"minecraft:spider_eye":2,"minecraft:spruce_boat":1,"minecraft:diamond":7,"minecraft:iron_helmet":1,"minecraft:diamond_axe":1,"minecraft:granite":72,"minecraft:oak_sapling":11,"minecraft:coal":465,"minecraft:diamond_pickaxe":1},"minecraft:dropped":{"minecraft:wheat_seeds":5,"minecraft:oak_log":1,"minecraft:iron_helmet":1,"minecraft:granite":43,"minecraft:cobblestone_stairs":34,"minecraft:dirt":30,"minecraft:diorite":11,"minecraft:wooden_axe":1,"minecraft:iron_leggings":1,"minecraft:wooden_sword":1,"minecraft:string":2,"minecraft:bone":5,"minecraft:gravel":4,"minecraft:stone_axe":1,"minecraft:stone_sword":1,"minecraft:rotten_flesh":50,"minecraft:iron_boots":1,"minecraft:carrot":1,"minecraft:poppy":1,"minecraft:gunpowder":16,"minecraft:spruce_planks":1,"minecraft:iron_chestplate":1,"minecraft:andesite":64,"minecraft:spider_eye":2,"minecraft:arrow":8,"minecraft:bow":3,"minecraft:wooden_pickaxe":1,"minecraft:stone_pickaxe":1},"minecraft:crafted":{"minecraft:wooden_sword":1,"minecraft:oak_planks":248,"minecraft:furnace":2,"minecraft:stone":554,"minecraft:cooked_mutton":34,"minecraft:iron_boots":1,"minecraft:iron_axe":1,"minecraft:stone_pickaxe":6,"minecraft:chest":18,"minecraft:cooked_beef":5,"minecraft:red_dye":1,"minecraft:cooked_porkchop":20,"minecraft:crafting_table":5,"minecraft:spruce_planks":96,"minecraft:wooden_pickaxe":1,"minecraft:iron_helmet":1,"minecraft:iron_sword":2,"minecraft:spruce_door":3,"minecraft:red_bed":1,"minecraft:bucket":1,"minecraft:stone_axe":1,"minecraft:air":0,"minecraft:iron_chestplate":1,"minecraft:shield":1,"minecraft:stick":60,"minecraft:iron_pickaxe":6,"minecraft:iron_ingot":270,"minecraft:wooden_axe":1,"minecraft:stone_sword":1,"minecraft:gold_ingot":8,"minecraft:iron_leggings":1,"minecraft:stonecutter":1,"minecraft:white_bed":1,"minecraft:torch":144},"minecraft:killed":{"minecraft:spider":5,"minecraft:skeleton":17,"minecraft:chicken":5,"minecraft:pig":8,"minecraft:zombie_villager":1,"minecraft:bat":2,"minecraft:creeper":5,"minecraft:sheep":13,"minecraft:zombie":63,"minecraft:villager":1,"minecraft:cow":3},"minecraft:mined":{"minecraft:spruce_planks":2,"minecraft:white_bed":7,"minecraft:oak_sapling":1,"minecraft:granite":72,"minecraft:grass_block":15,"minecraft:spruce_leaves":32,"minecraft:furnace":5,"minecraft:iron_ore":272,"minecraft:andesite":78,"minecraft:stone":1321,"minecraft:red_bed":1,"minecraft:stone_brick_slab":1,"minecraft:spruce_door":2,"minecraft:dandelion":1,"minecraft:crafting_table":5,"minecraft:torch":40,"minecraft:poppy":1,"minecraft:chest":2,"minecraft:cobblestone":69,"minecraft:tall_grass":12,"minecraft:lapis_ore":1,"minecraft:sugar_cane":2,"minecraft:diorite":11,"minecraft:wall_torch":22,"minecraft:birch_log":16,"minecraft:sweet_berry_bush":11,"minecraft:spruce_log":22,"minecraft:birch_leaves":20,"minecraft:grass_path":12,"minecraft:grass":43,"minecraft:oak_log":62,"minecraft:coal_ore":345,"minecraft:gravel":1,"minecraft:dirt":31,"minecraft:stonecutter":2,"minecraft:stone_bricks":10,"minecraft:oak_leaves":10,"minecraft:fern":1},"minecraft:custom":{"minecraft:mob_kills":124,"minecraft:interact_with_crafting_table":46,"minecraft:leave_game":6,"minecraft:time_since_death":103967,"minecraft:climb_one_cm":214,"minecraft:sprint_one_cm":824868,"minecraft:walk_one_cm":671169,"minecraft:damage_blocked_by_shield":1070,"minecraft:drop":61,"minecraft:talked_to_villager":3,"minecraft:deaths":1,"minecraft:sneak_time":18000,"minecraft:walk_under_water_one_cm":729,"minecraft:jump":3712,"minecraft:walk_on_water_one_cm":17117,"minecraft:interact_with_furnace":178,"minecraft:play_one_minute":278721,"minecraft:interact_with_stonecutter":17,"minecraft:sleep_in_bed":19,"minecraft:time_since_rest":2198,"minecraft:damage_taken":3256,"minecraft:damage_dealt":21373,"minecraft:swim_one_cm":3865,"minecraft:fly_one_cm":552885,"minecraft:player_kills":3,"minecraft:open_chest":163,"minecraft:crouch_one_cm":49907,"minecraft:fall_one_cm":73176},"minecraft:killed_by":{"minecraft:skeleton":1}},"DataVersion":2586}