{"stats":{"minecraft:broken":{"minecraft:stone_pickaxe":2},"minecraft:used":{"minecraft:stone_sword":59,"minecraft:stone_pickaxe":313,"minecraft:chest":1,"minecraft:spruce_planks":16,"minecraft:wooden_pickaxe":46,"minecraft:iron_sword":4,"minecraft:torch":43,"minecraft:dirt":1,"minecraft:crafting_table":4,"minecraft:white_bed":5,"minecraft:granite":4,"minecraft:wooden_axe":38,"minecraft:apple":1,"minecraft:iron_pickaxe":3,"minecraft:iron_axe":73,"minecraft:brown_wool":1,"minecraft:stone_axe":20,"minecraft:wooden_sword":64,"minecraft:cobblestone":40,"minecraft:sweet_berries":24,"minecraft:oak_sapling":1,"minecraft:furnace":2,"minecraft:cooked_porkchop":6,"minecraft:bucket":1,"minecraft:cooked_beef":4},"minecraft:picked_up":{"minecraft:birch_log":16,"minecraft:crafting_table":3,"minecraft:feather":4,"minecraft:chicken":5,"minecraft:andesite":1,"minecraft:leather":4,"minecraft:brown_wool":1,"minecraft:oak_log":62,"minecraft:shield":1,"minecraft:gunpowder":2,"minecraft:dirt":2,"minecraft:bone":4,"minecraft:apple":1,"minecraft:wheat_seeds":3,"minecraft:spruce_planks":2,"minecraft:beef":5,"minecraft:iron_ore":86,"minecraft:sugar_cane":4,"minecraft:chest":1,"minecraft:birch_sapling":2,"minecraft:furnace":2,"minecraft:stick":15,"minecraft:sweet_berries":23,"minecraft:torch":15,"minecraft:porkchop":20,"minecraft:spruce_sapling":8,"minecraft:spruce_log":24,"minecraft:white_bed":5,"minecraft:rotten_flesh":3,"minecraft:arrow":2,"minecraft:granite":4,"minecraft:oak_sapling":6,"minecraft:mutton":23,"minecraft:coal":147,"minecraft:white_wool":13,"minecraft:cobblestone":139},"minecraft:dropped":{"minecraft:stone_axe":1,"minecraft:wheat_seeds":3,"minecraft:stone_sword":1,"minecraft:rotten_flesh":3,"minecraft:dirt":1,"minecraft:spruce_planks":1,"minecraft:andesite":1,"minecraft:wooden_axe":1,"minecraft:wooden_sword":1,"minecraft:stone_pickaxe":1,"minecraft:wooden_pickaxe":1},"minecraft:crafted":{"minecraft:cooked_beef":5,"minecraft:wooden_sword":1,"minecraft:oak_planks":52,"minecraft:cooked_porkchop":20,"minecraft:crafting_table":2,"minecraft:spruce_planks":96,"minecraft:wooden_pickaxe":1,"minecraft:iron_helmet":1,"minecraft:iron_sword":1,"minecraft:furnace":2,"minecraft:bucket":1,"minecraft:stone_axe":1,"minecraft:cooked_mutton":23,"minecraft:air":0,"minecraft:iron_chestplate":1,"minecraft:iron_boots":1,"minecraft:shield":1,"minecraft:iron_axe":1,"minecraft:stick":28,"minecraft:iron_ingot":86,"minecraft:iron_pickaxe":1,"minecraft:stone_pickaxe":3,"minecraft:wooden_axe":1,"minecraft:stone_sword":1,"minecraft:chest":1,"minecraft:iron_leggings":1,"minecraft:white_bed":1,"minecraft:torch":48},"minecraft:killed":{"minecraft:pig":8,"minecraft:creeper":1,"minecraft:sheep":13,"minecraft:skeleton":2,"minecraft:zombie":3,"minecraft:chicken":5,"minecraft:cow":3},"minecraft:mined":{"minecraft:oak_sapling":1,"minecraft:spruce_planks":2,"minecraft:white_bed":5,"minecraft:crafting_table":3,"minecraft:granite":4,"minecraft:grass_block":2,"minecraft:chest":1,"minecraft:tall_grass":8,"minecraft:spruce_leaves":32,"minecraft:sugar_cane":2,"minecraft:wall_torch":2,"minecraft:furnace":2,"minecraft:birch_log":16,"minecraft:iron_ore":86,"minecraft:sweet_berry_bush":11,"minecraft:birch_leaves":20,"minecraft:spruce_log":22,"minecraft:andesite":1,"minecraft:grass":11,"minecraft:oak_log":62,"minecraft:coal_ore":134,"minecraft:stone":134,"minecraft:oak_leaves":9,"minecraft:fern":1},"minecraft:custom":{"minecraft:interact_with_furnace":45,"minecraft:mob_kills":35,"minecraft:interact_with_crafting_table":22,"minecraft:play_one_minute":59612,"minecraft:leave_game":1,"minecraft:time_since_death":59612,"minecraft:sleep_in_bed":5,"minecraft:climb_one_cm":214,"minecraft:time_since_rest":9090,"minecraft:sprint_one_cm":217321,"minecraft:damage_taken":720,"minecraft:walk_one_cm":103767,"minecraft:drop":11,"minecraft:damage_dealt":4185,"minecraft:swim_one_cm":2493,"minecraft:fly_one_cm":207404,"minecraft:player_kills":2,"minecraft:open_chest":23,"minecraft:crouch_one_cm":16340,"minecraft:sneak_time":6041,"minecraft:walk_under_water_one_cm":639,"minecraft:jump":1170,"minecraft:walk_on_water_one_cm":10612,"minecraft:fall_one_cm":23872}},"DataVersion":2586}