{"stats":{"minecraft:broken":{"minecraft:stone_pickaxe":5,"minecraft:iron_sword":1,"minecraft:iron_pickaxe":5},"minecraft:used":{"minecraft:stone_sword":59,"minecraft:chest":20,"minecraft:spruce_planks":16,"minecraft:shield":53,"minecraft:iron_sword":259,"minecraft:torch":198,"minecraft:dirt":2,"minecraft:granite":29,"minecraft:stone_brick_slab":7,"minecraft:wooden_axe":38,"minecraft:lava_bucket":2,"minecraft:iron_axe":77,"minecraft:stone_brick_stairs":26,"minecraft:stone_bricks":453,"minecraft:sweet_berries":24,"minecraft:oak_sapling":1,"minecraft:furnace":7,"minecraft:cooked_beef":4,"minecraft:cooked_mutton":22,"minecraft:water_bucket":1,"minecraft:spruce_door":2,"minecraft:stone_pickaxe":707,"minecraft:wooden_pickaxe":46,"minecraft:stonecutter":3,"minecraft:crafting_table":10,"minecraft:red_bed":2,"minecraft:white_bed":7,"minecraft:apple":1,"minecraft:brown_wool":1,"minecraft:iron_pickaxe":1407,"minecraft:stone_axe":20,"minecraft:wooden_sword":64,"minecraft:cobblestone":278,"minecraft:cooked_porkchop":20,"minecraft:andesite":14,"minecraft:bucket":4,"minecraft:dandelion":1},"minecraft:picked_up":{"minecraft:iron_chestplate":1,"minecraft:crafting_table":5,"minecraft:chicken":10,"minecraft:stone_brick_stairs":4,"minecraft:shield":3,"minecraft:string":8,"minecraft:red_bed":1,"minecraft:iron_axe":1,"minecraft:iron_leggings":1,"minecraft:spruce_planks":36,"minecraft:beef":5,"minecraft:poppy":1,"minecraft:sugar_cane":8,"minecraft:chest":2,"minecraft:birch_sapling":4,"minecraft:iron_boots":1,"minecraft:furnace":5,"minecraft:stick":41,"minecraft:stone":28,"minecraft:torch":101,"minecraft:porkchop":20,"minecraft:diorite":11,"minecraft:carrot":1,"minecraft:arrow":21,"minecraft:rotten_flesh":50,"minecraft:mutton":23,"minecraft:white_wool":23,"minecraft:cobblestone":1512,"minecraft:birch_log":32,"minecraft:feather":8,"minecraft:water_bucket":1,"minecraft:andesite":78,"minecraft:brown_wool":1,"minecraft:leather":8,"minecraft:oak_log":111,"minecraft:gunpowder":32,"minecraft:lapis_lazuli":7,"minecraft:dirt":30,"minecraft:cooked_mutton":46,"minecraft:bone":19,"minecraft:apple":1,"minecraft:stone_bricks":10,"minecraft:bow":4,"minecraft:stonecutter":2,"minecraft:wheat_seeds":3,"minecraft:stone_pickaxe":1,"minecraft:iron_ingot":59,"minecraft:iron_ore":268,"minecraft:iron_sword":1,"minecraft:oak_planks":16,"minecraft:book":2,"minecraft:sweet_berries":23,"minecraft:stone_brick_slab":1,"minecraft:dandelion":1,"minecraft:gravel":4,"minecraft:spruce_sapling":16,"minecraft:white_bed":7,"minecraft:spruce_log":24,"minecraft:spruce_door":1,"minecraft:spider_eye":2,"minecraft:iron_helmet":1,"minecraft:granite":72,"minecraft:oak_sapling":11,"minecraft:coal":445},"minecraft:dropped":{"minecraft:wheat_seeds":3,"minecraft:granite":41,"minecraft:cobblestone_stairs":34,"minecraft:dirt":26,"minecraft:diorite":11,"minecraft:wooden_axe":1,"minecraft:wooden_sword":1,"minecraft:bone":2,"minecraft:stone_axe":1,"minecraft:stone_sword":1,"minecraft:rotten_flesh":24,"minecraft:carrot":1,"minecraft:gunpowder":16,"minecraft:spruce_planks":1,"minecraft:andesite":60,"minecraft:spider_eye":1,"minecraft:arrow":8,"minecraft:bow":1,"minecraft:wooden_pickaxe":1,"minecraft:stone_pickaxe":1},"minecraft:crafted":{"minecraft:wooden_sword":1,"minecraft:oak_planks":248,"minecraft:furnace":2,"minecraft:stone":554,"minecraft:cooked_mutton":23,"minecraft:iron_boots":1,"minecraft:iron_axe":1,"minecraft:stone_pickaxe":6,"minecraft:chest":18,"minecraft:cooked_beef":5,"minecraft:red_dye":1,"minecraft:cooked_porkchop":20,"minecraft:crafting_table":5,"minecraft:spruce_planks":96,"minecraft:wooden_pickaxe":1,"minecraft:iron_helmet":1,"minecraft:iron_sword":1,"minecraft:spruce_door":3,"minecraft:red_bed":1,"minecraft:bucket":1,"minecraft:stone_axe":1,"minecraft:air":0,"minecraft:iron_chestplate":1,"minecraft:shield":1,"minecraft:stick":56,"minecraft:iron_pickaxe":6,"minecraft:iron_ingot":170,"minecraft:wooden_axe":1,"minecraft:stone_sword":1,"minecraft:iron_leggings":1,"minecraft:stonecutter":1,"minecraft:white_bed":1,"minecraft:torch":144},"minecraft:killed":{"minecraft:spider":5,"minecraft:skeleton":16,"minecraft:chicken":5,"minecraft:pig":8,"minecraft:zombie_villager":1,"minecraft:bat":2,"minecraft:creeper":5,"minecraft:sheep":13,"minecraft:zombie":44,"minecraft:cow":3},"minecraft:mined":{"minecraft:spruce_planks":2,"minecraft:white_bed":7,"minecraft:oak_sapling":1,"minecraft:granite":72,"minecraft:grass_block":5,"minecraft:spruce_leaves":32,"minecraft:furnace":5,"minecraft:iron_ore":270,"minecraft:andesite":78,"minecraft:stone":1266,"minecraft:red_bed":1,"minecraft:stone_brick_slab":1,"minecraft:dandelion":1,"minecraft:crafting_table":5,"minecraft:torch":40,"minecraft:poppy":1,"minecraft:chest":2,"minecraft:cobblestone":53,"minecraft:tall_grass":10,"minecraft:lapis_ore":1,"minecraft:sugar_cane":2,"minecraft:diorite":11,"minecraft:wall_torch":19,"minecraft:birch_log":16,"minecraft:sweet_berry_bush":11,"minecraft:spruce_log":22,"minecraft:birch_leaves":20,"minecraft:grass_path":4,"minecraft:grass":17,"minecraft:oak_log":62,"minecraft:coal_ore":344,"minecraft:dirt":20,"minecraft:stonecutter":2,"minecraft:stone_bricks":10,"minecraft:oak_leaves":10,"minecraft:fern":1},"minecraft:custom":{"minecraft:mob_kills":103,"minecraft:interact_with_crafting_table":45,"minecraft:leave_game":6,"minecraft:time_since_death":67967,"minecraft:climb_one_cm":214,"minecraft:sprint_one_cm":712071,"minecraft:walk_one_cm":579994,"minecraft:damage_blocked_by_shield":990,"minecraft:drop":41,"minecraft:talked_to_villager":3,"minecraft:deaths":1,"minecraft:sneak_time":16871,"minecraft:walk_under_water_one_cm":729,"minecraft:jump":3232,"minecraft:walk_on_water_one_cm":17117,"minecraft:interact_with_furnace":149,"minecraft:play_one_minute":242721,"minecraft:interact_with_stonecutter":17,"minecraft:sleep_in_bed":17,"minecraft:time_since_rest":46374,"minecraft:damage_taken":2904,"minecraft:damage_dealt":17189,"minecraft:swim_one_cm":3865,"minecraft:fly_one_cm":489197,"minecraft:player_kills":2,"minecraft:open_chest":110,"minecraft:crouch_one_cm":46513,"minecraft:fall_one_cm":63753},"minecraft:killed_by":{"minecraft:skeleton":1}},"DataVersion":2586}