{"stats":{"minecraft:crafted":{"minecraft:oak_planks":964,"minecraft:oak_sign":6,"minecraft:cooked_chicken":5,"minecraft:stone":1206,"minecraft:diamond_shovel":1,"minecraft:bookshelf":5,"minecraft:cooked_mutton":34,"minecraft:glass":40,"minecraft:bow":1,"minecraft:iron_boots":3,"minecraft:stone_pressure_plate":2,"minecraft:chest":18,"minecraft:iron_door":6,"minecraft:stone_bricks":1,"minecraft:emerald":155,"minecraft:arrow":64,"minecraft:cooked_porkchop":37,"minecraft:diamond_axe":1,"minecraft:crafting_table":5,"minecraft:spruce_planks":352,"minecraft:iron_helmet":2,"minecraft:wooden_pickaxe":1,"minecraft:spruce_door":3,"minecraft:fletching_table":4,"minecraft:birch_planks":84,"minecraft:spruce_trapdoor":4,"minecraft:lectern":5,"minecraft:iron_chestplate":3,"minecraft:book":7,"minecraft:paper":21,"minecraft:diamond_pickaxe":2,"minecraft:shield":1,"minecraft:stick":5044,"minecraft:iron_pickaxe":16,"minecraft:iron_ingot":475,"minecraft:stone_sword":1,"minecraft:gold_ingot":54,"minecraft:composter":2,"minecraft:wooden_sword":1,"minecraft:furnace":9,"minecraft:stone_button":8,"minecraft:iron_axe":1,"minecraft:iron_hoe":1,"minecraft:spruce_slab":60,"minecraft:stone_pickaxe":6,"minecraft:spruce_boat":1,"minecraft:redstone_block":66,"minecraft:dark_oak_planks":1412,"minecraft:golden_helmet":2,"minecraft:wheat":45,"minecraft:cooked_beef":5,"minecraft:red_dye":1,"minecraft:iron_sword":3,"minecraft:red_bed":1,"minecraft:bucket":2,"minecraft:stone_axe":1,"minecraft:enchanted_book":6,"minecraft:bread":50,"minecraft:air":0,"minecraft:wooden_axe":1,"minecraft:iron_shovel":2,"minecraft:iron_leggings":3,"minecraft:stonecutter":1,"minecraft:white_bed":4,"minecraft:torch":472},"minecraft:killed_by":{"minecraft:piglin":2,"minecraft:skeleton":1},"minecraft:used":{"minecraft:iron_shovel":762,"minecraft:spruce_slab":2,"minecraft:oak_sign":9,"minecraft:chest":20,"minecraft:shield":58,"minecraft:iron_sword":414,"minecraft:soul_sand":7,"minecraft:obsidian":10,"minecraft:spruce_boat":22,"minecraft:glass":46,"minecraft:lava_bucket":2,"minecraft:villager_spawn_egg":1,"minecraft:stone_brick_stairs":107,"minecraft:stone_bricks":1134,"minecraft:bow":1,"minecraft:sweet_berries":24,"minecraft:furnace":11,"minecraft:oak_sapling":1,"minecraft:potato":93,"minecraft:diorite":3,"minecraft:spruce_door":2,"minecraft:stone_pickaxe":707,"minecraft:wooden_pickaxe":46,"minecraft:composter":4,"minecraft:diamond_axe":696,"minecraft:sugar_cane":30,"minecraft:bread":66,"minecraft:brown_wool":1,"minecraft:stone_button":9,"minecraft:lectern":47,"minecraft:iron_door":5,"minecraft:gravel":17,"minecraft:diamond_sword":56,"minecraft:wooden_sword":64,"minecraft:andesite":41,"minecraft:stone_sword":59,"minecraft:flint_and_steel":1,"minecraft:spruce_planks":16,"minecraft:cooked_chicken":5,"minecraft:torch":467,"minecraft:dirt":622,"minecraft:granite":29,"minecraft:iron_hoe":96,"minecraft:stone_brick_slab":7,"minecraft:wooden_axe":38,"minecraft:iron_axe":253,"minecraft:stone_pressure_plate":2,"minecraft:cooked_beef":4,"minecraft:cooked_mutton":23,"minecraft:water_bucket":74,"minecraft:cobblestone_stairs":3,"minecraft:fletching_table":6,"minecraft:stonecutter":4,"minecraft:cobblestone_slab":75,"minecraft:crafting_table":10,"minecraft:red_bed":3,"minecraft:white_bed":11,"minecraft:diamond_pickaxe":2891,"minecraft:apple":1,"minecraft:diamond_shovel":443,"minecraft:iron_pickaxe":3996,"minecraft:spruce_trapdoor":5,"minecraft:stone_axe":20,"minecraft:cobblestone":2049,"minecraft:cooked_porkchop":31,"minecraft:bucket":77,"minecraft:kelp":5,"minecraft:dandelion":5},"minecraft:dropped":{"minecraft:oak_log":1,"minecraft:cobblestone_stairs":34,"minecraft:dirt":117,"minecraft:wooden_sword":1,"minecraft:bone":5,"minecraft:gravel":28,"minecraft:stone_axe":1,"minecraft:wheat":7,"minecraft:rotten_flesh":56,"minecraft:carrot":1,"minecraft:poppy":7,"minecraft:gunpowder":16,"minecraft:arrow":9,"minecraft:wheat_seeds":46,"minecraft:iron_helmet":1,"minecraft:granite":159,"minecraft:diorite":249,"minecraft:wooden_axe":1,"minecraft:iron_leggings":1,"minecraft:string":3,"minecraft:dandelion":3,"minecraft:stone_sword":1,"minecraft:iron_boots":1,"minecraft:villager_spawn_egg":1,"minecraft:spruce_planks":1,"minecraft:diamond_pickaxe":1,"minecraft:iron_chestplate":1,"minecraft:andesite":257,"minecraft:stone_pressure_plate":2,"minecraft:stone_bricks":1,"minecraft:spider_eye":2,"minecraft:bow":3,"minecraft:stone_pickaxe":1,"minecraft:wooden_pickaxe":1},"minecraft:broken":{"minecraft:iron_shovel":3,"minecraft:stone_pickaxe":5,"minecraft:diamond_pickaxe":1,"minecraft:iron_sword":1,"minecraft:iron_axe":1,"minecraft:iron_pickaxe":16},"minecraft:mined":{"minecraft:stone_pressure_plate":2,"minecraft:spruce_planks":2,"minecraft:white_bed":8,"minecraft:oak_sapling":1,"minecraft:farmland":3,"minecraft:cobblestone_stairs":1,"minecraft:obsidian":26,"minecraft:spruce_trapdoor":1,"minecraft:granite":239,"minecraft:grass_block":473,"minecraft:composter":3,"minecraft:oak_wall_sign":1,"minecraft:tall_seagrass":28,"minecraft:iron_ore":479,"minecraft:fletching_table":2,"minecraft:red_bed":1,"minecraft:soul_fire":19,"minecraft:torch":64,"minecraft:poppy":1,"minecraft:chest":2,"minecraft:glass":2,"minecraft:cobblestone":264,"minecraft:sugar_cane":23,"minecraft:iron_door":1,"minecraft:wall_torch":80,"minecraft:seagrass":11,"minecraft:birch_log":21,"minecraft:grass":418,"minecraft:oak_log":240,"minecraft:sand":86,"minecraft:dirt":459,"minecraft:stonecutter":3,"minecraft:oak_leaves":45,"minecraft:diamond_ore":86,"minecraft:dark_oak_leaves":9,"minecraft:dark_oak_log":572,"minecraft:stone_button":1,"minecraft:spruce_leaves":32,"minecraft:hay_block":5,"minecraft:redstone_ore":131,"minecraft:furnace":6,"minecraft:andesite":316,"minecraft:bookshelf":4,"minecraft:potatoes":13,"minecraft:cobblestone_slab":6,"minecraft:bone_block":26,"minecraft:stone":5063,"minecraft:soul_sand":10,"minecraft:stripped_dark_oak_log":1,"minecraft:stone_brick_slab":1,"minecraft:spruce_door":2,"minecraft:dandelion":6,"minecraft:crafting_table":5,"minecraft:cornflower":1,"minecraft:lectern":42,"minecraft:tall_grass":60,"minecraft:lapis_ore":5,"minecraft:diorite":299,"minecraft:sweet_berry_bush":11,"minecraft:spruce_log":22,"minecraft:birch_leaves":21,"minecraft:grass_path":48,"minecraft:coal_ore":417,"minecraft:gravel":37,"minecraft:stone_bricks":36,"minecraft:gold_ore":47,"minecraft:fern":1},"minecraft:picked_up":{"minecraft:iron_chestplate":2,"minecraft:wheat":175,"minecraft:diamond_sword":1,"minecraft:stone_brick_stairs":4,"minecraft:string":9,"minecraft:soul_soil":10,"minecraft:iron_leggings":2,"minecraft:oak_sign":1,"minecraft:gold_nugget":1,"minecraft:spruce_planks":86,"minecraft:cobblestone_slab":5,"minecraft:iron_pickaxe":1,"minecraft:furnace":7,"minecraft:iron_boots":1,"minecraft:stick":103,"minecraft:composter":3,"minecraft:torch":189,"minecraft:porkchop":37,"minecraft:diorite":299,"minecraft:rotten_flesh":80,"minecraft:obsidian":25,"minecraft:cobblestone":5537,"minecraft:birch_log":37,"minecraft:feather":8,"minecraft:cooked_beef":11,"minecraft:iron_door":1,"minecraft:water_bucket":2,"minecraft:andesite":316,"minecraft:brown_wool":1,"minecraft:potato":53,"minecraft:flint":9,"minecraft:lapis_lazuli":89,"minecraft:dirt":972,"minecraft:bone":30,"minecraft:stonecutter":3,"minecraft:bow":4,"minecraft:wheat_seeds":82,"minecraft:fletching_table":2,"minecraft:diamond_helmet":1,"minecraft:oak_planks":16,"minecraft:ghast_tear":1,"minecraft:cooked_porkchop":12,"minecraft:sand":88,"minecraft:dark_oak_log":570,"minecraft:diamond":93,"minecraft:spruce_boat":23,"minecraft:granite":235,"minecraft:oak_sapling":61,"minecraft:diamond_pickaxe":2,"minecraft:crafting_table":6,"minecraft:azure_bluet":16,"minecraft:chicken":10,"minecraft:shield":4,"minecraft:cornflower":1,"minecraft:red_bed":2,"minecraft:iron_axe":2,"minecraft:flint_and_steel":1,"minecraft:iron_shovel":1,"minecraft:beef":5,"minecraft:poppy":8,"minecraft:lectern":42,"minecraft:sugar_cane":57,"minecraft:chest":2,"minecraft:birch_sapling":9,"minecraft:spruce_trapdoor":1,"minecraft:dark_oak_sapling":30,"minecraft:stone":28,"minecraft:stone_button":1,"minecraft:carrot":1,"minecraft:redstone":653,"minecraft:stone_pressure_plate":4,"minecraft:arrow":31,"minecraft:diamond_boots":1,"minecraft:hay_block":5,"minecraft:mutton":34,"minecraft:white_wool":23,"minecraft:bone_block":26,"minecraft:oxeye_daisy":20,"minecraft:leather":20,"minecraft:oak_log":291,"minecraft:lily_pad":22,"minecraft:gunpowder":34,"minecraft:cobblestone_stairs":1,"minecraft:cooked_mutton":46,"minecraft:apple":12,"minecraft:stone_bricks":36,"minecraft:kelp":4,"minecraft:stone_pickaxe":1,"minecraft:iron_ingot":114,"minecraft:iron_ore":475,"minecraft:soul_sand":9,"minecraft:iron_sword":1,"minecraft:book":14,"minecraft:sweet_berries":23,"minecraft:stone_brick_slab":1,"minecraft:dandelion":20,"minecraft:gravel":45,"minecraft:spruce_sapling":16,"minecraft:white_bed":8,"minecraft:spruce_log":88,"minecraft:gold_ore":54,"minecraft:spruce_door":3,"minecraft:spider_eye":2,"minecraft:slime_ball":11,"minecraft:iron_helmet":1,"minecraft:diamond_axe":1,"minecraft:stripped_dark_oak_log":1,"minecraft:coal":537},"minecraft:killed":{"minecraft:zombified_piglin":1,"minecraft:spider":6,"minecraft:skeleton":27,"minecraft:chicken":5,"minecraft:pig":17,"minecraft:zombie_villager":1,"minecraft:creeper":5,"minecraft:sheep":13,"minecraft:zombie":76,"minecraft:ghast":1,"minecraft:cow":3,"minecraft:slime":12,"minecraft:bat":2,"minecraft:villager":2},"minecraft:custom":{"minecraft:animals_bred":20,"minecraft:interact_with_crafting_table":105,"minecraft:leave_game":11,"minecraft:time_since_death":632282,"minecraft:sprint_one_cm":2028280,"minecraft:damage_blocked_by_shield":1070,"minecraft:drop":106,"minecraft:talked_to_villager":115,"minecraft:deaths":6,"minecraft:jump":8733,"minecraft:interact_with_brewingstand":1,"minecraft:walk_on_water_one_cm":93496,"minecraft:interact_with_furnace":320,"minecraft:traded_with_villager":166,"minecraft:play_one_minute":941258,"minecraft:sleep_in_bed":42,"minecraft:damage_dealt":28073,"minecraft:player_kills":3,"minecraft:crouch_one_cm":187703,"minecraft:mob_kills":173,"minecraft:climb_one_cm":1743,"minecraft:walk_one_cm":2166979,"minecraft:sneak_time":90947,"minecraft:walk_under_water_one_cm":18754,"minecraft:boat_one_cm":177642,"minecraft:interact_with_stonecutter":25,"minecraft:time_since_rest":9178,"minecraft:damage_taken":5890,"minecraft:swim_one_cm":18860,"minecraft:fly_one_cm":1357351,"minecraft:open_chest":424,"minecraft:fall_one_cm":159673}},"DataVersion":2586}