{"stats":{"minecraft:broken":{"minecraft:stone_pickaxe":1},"minecraft:used":{"minecraft:stone_sword":59,"minecraft:stone_pickaxe":222,"minecraft:chest":1,"minecraft:spruce_planks":16,"minecraft:wooden_pickaxe":46,"minecraft:iron_sword":3,"minecraft:torch":33,"minecraft:dirt":1,"minecraft:crafting_table":4,"minecraft:white_bed":3,"minecraft:granite":4,"minecraft:wooden_axe":38,"minecraft:brown_wool":1,"minecraft:stone_axe":20,"minecraft:wooden_sword":64,"minecraft:cobblestone":18,"minecraft:sweet_berries":24,"minecraft:furnace":2,"minecraft:cooked_porkchop":4},"minecraft:picked_up":{"minecraft:crafting_table":2,"minecraft:feather":4,"minecraft:chicken":5,"minecraft:andesite":1,"minecraft:leather":4,"minecraft:brown_wool":1,"minecraft:oak_log":13,"minecraft:shield":1,"minecraft:gunpowder":2,"minecraft:dirt":2,"minecraft:bone":4,"minecraft:wheat_seeds":3,"minecraft:spruce_planks":2,"minecraft:beef":5,"minecraft:iron_ore":64,"minecraft:sugar_cane":4,"minecraft:stick":8,"minecraft:sweet_berries":23,"minecraft:torch":3,"minecraft:porkchop":20,"minecraft:spruce_sapling":8,"minecraft:spruce_log":24,"minecraft:white_bed":2,"minecraft:rotten_flesh":3,"minecraft:arrow":2,"minecraft:granite":4,"minecraft:mutton":23,"minecraft:coal":89,"minecraft:white_wool":13,"minecraft:cobblestone":129},"minecraft:dropped":{"minecraft:wheat_seeds":3,"minecraft:stone_sword":1,"minecraft:dirt":1,"minecraft:spruce_planks":1,"minecraft:wooden_axe":1,"minecraft:wooden_sword":1,"minecraft:wooden_pickaxe":1},"minecraft:crafted":{"minecraft:wooden_sword":1,"minecraft:oak_planks":52,"minecraft:cooked_porkchop":20,"minecraft:crafting_table":2,"minecraft:spruce_planks":96,"minecraft:wooden_pickaxe":1,"minecraft:iron_sword":1,"minecraft:furnace":2,"minecraft:stone_axe":1,"minecraft:air":0,"minecraft:shield":1,"minecraft:stick":28,"minecraft:iron_ingot":8,"minecraft:iron_pickaxe":1,"minecraft:stone_pickaxe":3,"minecraft:wooden_axe":1,"minecraft:stone_sword":1,"minecraft:chest":1,"minecraft:white_bed":1,"minecraft:torch":48},"minecraft:killed":{"minecraft:pig":8,"minecraft:creeper":1,"minecraft:sheep":13,"minecraft:skeleton":2,"minecraft:zombie":3,"minecraft:chicken":5,"minecraft:cow":3},"minecraft:mined":{"minecraft:spruce_planks":2,"minecraft:white_bed":2,"minecraft:crafting_table":2,"minecraft:granite":4,"minecraft:grass_block":2,"minecraft:tall_grass":8,"minecraft:spruce_leaves":32,"minecraft:sugar_cane":2,"minecraft:wall_torch":1,"minecraft:iron_ore":64,"minecraft:sweet_berry_bush":11,"minecraft:spruce_log":22,"minecraft:andesite":1,"minecraft:grass":11,"minecraft:oak_log":13,"minecraft:coal_ore":75,"minecraft:stone":124,"minecraft:oak_leaves":5,"minecraft:fern":1},"minecraft:custom":{"minecraft:interact_with_furnace":15,"minecraft:mob_kills":35,"minecraft:interact_with_crafting_table":20,"minecraft:play_one_minute":35612,"minecraft:leave_game":1,"minecraft:time_since_death":35612,"minecraft:sleep_in_bed":3,"minecraft:time_since_rest":7472,"minecraft:sprint_one_cm":125988,"minecraft:damage_taken":420,"minecraft:walk_one_cm":73288,"minecraft:drop":7,"minecraft:damage_dealt":4185,"minecraft:swim_one_cm":109,"minecraft:fly_one_cm":82138,"minecraft:player_kills":2,"minecraft:open_chest":13,"minecraft:crouch_one_cm":10408,"minecraft:sneak_time":4015,"minecraft:walk_under_water_one_cm":373,"minecraft:jump":565,"minecraft:walk_on_water_one_cm":4583,"minecraft:fall_one_cm":7896}},"DataVersion":2586}