{"stats":{"minecraft:broken":{"minecraft:iron_shovel":3,"minecraft:stone_pickaxe":5,"minecraft:diamond_pickaxe":1,"minecraft:iron_sword":1,"minecraft:iron_pickaxe":16},"minecraft:used":{"minecraft:stone_sword":59,"minecraft:iron_shovel":762,"minecraft:flint_and_steel":1,"minecraft:chest":20,"minecraft:spruce_planks":16,"minecraft:shield":58,"minecraft:iron_sword":387,"minecraft:torch":369,"minecraft:soul_sand":6,"minecraft:dirt":407,"minecraft:granite":29,"minecraft:obsidian":10,"minecraft:spruce_boat":4,"minecraft:iron_hoe":94,"minecraft:wooden_axe":38,"minecraft:stone_brick_slab":7,"minecraft:lava_bucket":2,"minecraft:iron_axe":101,"minecraft:stone_brick_stairs":107,"minecraft:stone_bricks":1134,"minecraft:bow":1,"minecraft:sweet_berries":24,"minecraft:oak_sapling":1,"minecraft:furnace":11,"minecraft:cooked_beef":4,"minecraft:stone_pressure_plate":2,"minecraft:potato":43,"minecraft:cooked_mutton":23,"minecraft:water_bucket":68,"minecraft:diorite":3,"minecraft:spruce_door":2,"minecraft:stone_pickaxe":707,"minecraft:wooden_pickaxe":46,"minecraft:cobblestone_slab":59,"minecraft:stonecutter":4,"minecraft:crafting_table":10,"minecraft:red_bed":3,"minecraft:white_bed":11,"minecraft:diamond_pickaxe":2734,"minecraft:apple":1,"minecraft:diamond_shovel":162,"minecraft:spruce_trapdoor":5,"minecraft:iron_pickaxe":3996,"minecraft:stone_button":5,"minecraft:bread":51,"minecraft:brown_wool":1,"minecraft:gravel":17,"minecraft:iron_door":3,"minecraft:stone_axe":20,"minecraft:diamond_sword":56,"minecraft:wooden_sword":64,"minecraft:cobblestone":943,"minecraft:cooked_porkchop":27,"minecraft:andesite":41,"minecraft:bucket":72,"minecraft:dandelion":4},"minecraft:picked_up":{"minecraft:iron_chestplate":2,"minecraft:crafting_table":6,"minecraft:wheat":175,"minecraft:azure_bluet":16,"minecraft:chicken":10,"minecraft:diamond_sword":1,"minecraft:stone_brick_stairs":4,"minecraft:shield":4,"minecraft:cornflower":1,"minecraft:string":8,"minecraft:red_bed":2,"minecraft:soul_soil":10,"minecraft:iron_axe":2,"minecraft:flint_and_steel":1,"minecraft:iron_leggings":2,"minecraft:iron_shovel":1,"minecraft:gold_nugget":1,"minecraft:spruce_planks":86,"minecraft:beef":5,"minecraft:poppy":8,"minecraft:iron_pickaxe":1,"minecraft:sugar_cane":8,"minecraft:chest":2,"minecraft:birch_sapling":4,"minecraft:spruce_trapdoor":1,"minecraft:iron_boots":1,"minecraft:furnace":7,"minecraft:stick":54,"minecraft:stone":28,"minecraft:torch":169,"minecraft:porkchop":20,"minecraft:stone_button":1,"minecraft:diorite":299,"minecraft:carrot":1,"minecraft:redstone":653,"minecraft:stone_pressure_plate":4,"minecraft:arrow":30,"minecraft:rotten_flesh":78,"minecraft:diamond_boots":1,"minecraft:hay_block":5,"minecraft:obsidian":25,"minecraft:mutton":34,"minecraft:bone_block":26,"minecraft:white_wool":23,"minecraft:cobblestone":5387,"minecraft:oxeye_daisy":20,"minecraft:birch_log":32,"minecraft:feather":8,"minecraft:cooked_beef":11,"minecraft:iron_door":1,"minecraft:water_bucket":2,"minecraft:andesite":316,"minecraft:brown_wool":1,"minecraft:leather":20,"minecraft:flint":9,"minecraft:oak_log":123,"minecraft:lily_pad":17,"minecraft:gunpowder":34,"minecraft:lapis_lazuli":89,"minecraft:dirt":698,"minecraft:cooked_mutton":46,"minecraft:bone":30,"minecraft:apple":1,"minecraft:stone_bricks":36,"minecraft:bow":4,"minecraft:stonecutter":3,"minecraft:wheat_seeds":82,"minecraft:iron_ingot":114,"minecraft:stone_pickaxe":1,"minecraft:iron_ore":475,"minecraft:diamond_helmet":1,"minecraft:iron_sword":1,"minecraft:oak_planks":16,"minecraft:soul_sand":9,"minecraft:book":2,"minecraft:ghast_tear":1,"minecraft:cooked_porkchop":12,"minecraft:sweet_berries":23,"minecraft:stone_brick_slab":1,"minecraft:dandelion":19,"minecraft:gravel":45,"minecraft:sand":88,"minecraft:spruce_sapling":16,"minecraft:white_bed":8,"minecraft:spruce_log":88,"minecraft:gold_ore":54,"minecraft:spruce_door":3,"minecraft:spider_eye":2,"minecraft:slime_ball":11,"minecraft:diamond":93,"minecraft:spruce_boat":4,"minecraft:iron_helmet":1,"minecraft:granite":235,"minecraft:diamond_axe":1,"minecraft:oak_sapling":11,"minecraft:coal":537,"minecraft:diamond_pickaxe":2},"minecraft:dropped":{"minecraft:wheat_seeds":46,"minecraft:oak_log":1,"minecraft:iron_helmet":1,"minecraft:granite":159,"minecraft:cobblestone_stairs":34,"minecraft:dirt":117,"minecraft:diorite":249,"minecraft:wooden_axe":1,"minecraft:iron_leggings":1,"minecraft:wooden_sword":1,"minecraft:string":2,"minecraft:dandelion":3,"minecraft:bone":5,"minecraft:gravel":28,"minecraft:stone_axe":1,"minecraft:stone_sword":1,"minecraft:wheat":7,"minecraft:rotten_flesh":56,"minecraft:iron_boots":1,"minecraft:carrot":1,"minecraft:poppy":7,"minecraft:gunpowder":16,"minecraft:spruce_planks":1,"minecraft:diamond_pickaxe":1,"minecraft:iron_chestplate":1,"minecraft:andesite":257,"minecraft:stone_bricks":1,"minecraft:stone_pressure_plate":2,"minecraft:spider_eye":2,"minecraft:bow":3,"minecraft:arrow":8,"minecraft:wooden_pickaxe":1,"minecraft:stone_pickaxe":1},"minecraft:crafted":{"minecraft:wooden_sword":1,"minecraft:oak_planks":292,"minecraft:furnace":9,"minecraft:stone_button":4,"minecraft:stone":1202,"minecraft:diamond_shovel":1,"minecraft:cooked_mutton":34,"minecraft:iron_boots":3,"minecraft:iron_axe":1,"minecraft:spruce_slab":60,"minecraft:iron_hoe":1,"minecraft:stone_pickaxe":6,"minecraft:stone_pressure_plate":2,"minecraft:chest":18,"minecraft:iron_door":3,"minecraft:redstone_block":66,"minecraft:stone_bricks":1,"minecraft:golden_helmet":2,"minecraft:wheat":45,"minecraft:cooked_beef":5,"minecraft:red_dye":1,"minecraft:cooked_porkchop":20,"minecraft:crafting_table":5,"minecraft:spruce_planks":96,"minecraft:wooden_pickaxe":1,"minecraft:iron_helmet":2,"minecraft:iron_sword":3,"minecraft:spruce_door":3,"minecraft:red_bed":1,"minecraft:bucket":2,"minecraft:stone_axe":1,"minecraft:air":0,"minecraft:bread":50,"minecraft:spruce_trapdoor":4,"minecraft:iron_chestplate":3,"minecraft:diamond_pickaxe":2,"minecraft:shield":1,"minecraft:stick":200,"minecraft:iron_ingot":475,"minecraft:iron_pickaxe":16,"minecraft:wooden_axe":1,"minecraft:iron_shovel":2,"minecraft:stone_sword":1,"minecraft:iron_leggings":3,"minecraft:gold_ingot":54,"minecraft:stonecutter":1,"minecraft:white_bed":4,"minecraft:composter":1,"minecraft:torch":392},"minecraft:killed":{"minecraft:zombified_piglin":1,"minecraft:spider":5,"minecraft:slime":12,"minecraft:skeleton":26,"minecraft:chicken":5,"minecraft:pig":8,"minecraft:zombie_villager":1,"minecraft:bat":2,"minecraft:creeper":5,"minecraft:sheep":13,"minecraft:zombie":76,"minecraft:ghast":1,"minecraft:villager":1,"minecraft:cow":3},"minecraft:mined":{"minecraft:diamond_ore":86,"minecraft:spruce_planks":2,"minecraft:stone_pressure_plate":2,"minecraft:white_bed":8,"minecraft:oak_sapling":1,"minecraft:farmland":3,"minecraft:obsidian":26,"minecraft:spruce_trapdoor":1,"minecraft:granite":239,"minecraft:stone_button":1,"minecraft:grass_block":370,"minecraft:spruce_leaves":32,"minecraft:tall_seagrass":4,"minecraft:hay_block":5,"minecraft:redstone_ore":131,"minecraft:furnace":6,"minecraft:iron_ore":479,"minecraft:andesite":316,"minecraft:cobblestone_slab":1,"minecraft:stone":5063,"minecraft:bone_block":26,"minecraft:red_bed":1,"minecraft:soul_sand":10,"minecraft:soul_fire":19,"minecraft:stone_brick_slab":1,"minecraft:dandelion":5,"minecraft:spruce_door":2,"minecraft:cornflower":1,"minecraft:crafting_table":5,"minecraft:torch":57,"minecraft:poppy":1,"minecraft:chest":2,"minecraft:tall_grass":59,"minecraft:cobblestone":113,"minecraft:lapis_ore":5,"minecraft:iron_door":1,"minecraft:sugar_cane":2,"minecraft:wall_torch":64,"minecraft:diorite":299,"minecraft:seagrass":5,"minecraft:birch_log":16,"minecraft:sweet_berry_bush":11,"minecraft:spruce_log":22,"minecraft:birch_leaves":20,"minecraft:grass_path":48,"minecraft:grass":404,"minecraft:oak_log":72,"minecraft:coal_ore":417,"minecraft:sand":86,"minecraft:gravel":37,"minecraft:dirt":288,"minecraft:stonecutter":3,"minecraft:stone_bricks":36,"minecraft:gold_ore":47,"minecraft:oak_leaves":13,"minecraft:fern":1},"minecraft:custom":{"minecraft:mob_kills":161,"minecraft:animals_bred":20,"minecraft:interact_with_crafting_table":81,"minecraft:leave_game":8,"minecraft:time_since_death":388605,"minecraft:climb_one_cm":1743,"minecraft:sprint_one_cm":1570857,"minecraft:walk_one_cm":1538774,"minecraft:damage_blocked_by_shield":1070,"minecraft:drop":103,"minecraft:talked_to_villager":7,"minecraft:deaths":6,"minecraft:sneak_time":45910,"minecraft:walk_under_water_one_cm":5150,"minecraft:boat_one_cm":113356,"minecraft:interact_with_brewingstand":1,"minecraft:jump":6913,"minecraft:walk_on_water_one_cm":65308,"minecraft:interact_with_furnace":300,"minecraft:play_one_minute":697581,"minecraft:interact_with_stonecutter":24,"minecraft:sleep_in_bed":29,"minecraft:time_since_rest":13982,"minecraft:damage_taken":5612,"minecraft:damage_dealt":26793,"minecraft:player_kills":3,"minecraft:swim_one_cm":18641,"minecraft:fly_one_cm":963987,"minecraft:open_chest":365,"minecraft:crouch_one_cm":125333,"minecraft:fall_one_cm":116791},"minecraft:killed_by":{"minecraft:piglin":2,"minecraft:skeleton":1}},"DataVersion":2586}