{"stats":{"minecraft:broken":{"minecraft:stone_pickaxe":4,"minecraft:iron_pickaxe":4},"minecraft:used":{"minecraft:stone_sword":59,"minecraft:chest":20,"minecraft:spruce_planks":16,"minecraft:iron_sword":88,"minecraft:torch":84,"minecraft:dirt":2,"minecraft:granite":29,"minecraft:stone_brick_slab":6,"minecraft:wooden_axe":38,"minecraft:iron_axe":76,"minecraft:stone_brick_stairs":26,"minecraft:stone_bricks":430,"minecraft:sweet_berries":24,"minecraft:oak_sapling":1,"minecraft:furnace":7,"minecraft:cooked_beef":4,"minecraft:spruce_door":2,"minecraft:stone_pickaxe":577,"minecraft:wooden_pickaxe":46,"minecraft:stonecutter":3,"minecraft:crafting_table":10,"minecraft:red_bed":2,"minecraft:white_bed":7,"minecraft:apple":1,"minecraft:brown_wool":1,"minecraft:iron_pickaxe":1003,"minecraft:stone_axe":20,"minecraft:wooden_sword":64,"minecraft:cobblestone":67,"minecraft:cooked_porkchop":20,"minecraft:andesite":14,"minecraft:bucket":1,"minecraft:dandelion":1},"minecraft:picked_up":{"minecraft:crafting_table":5,"minecraft:chicken":10,"minecraft:stone_brick_stairs":4,"minecraft:shield":2,"minecraft:string":6,"minecraft:red_bed":1,"minecraft:spruce_planks":36,"minecraft:beef":5,"minecraft:poppy":1,"minecraft:sugar_cane":8,"minecraft:chest":2,"minecraft:birch_sapling":4,"minecraft:furnace":5,"minecraft:stick":41,"minecraft:stone":28,"minecraft:torch":44,"minecraft:porkchop":20,"minecraft:diorite":3,"minecraft:arrow":6,"minecraft:rotten_flesh":19,"minecraft:mutton":23,"minecraft:white_wool":23,"minecraft:cobblestone":1273,"minecraft:birch_log":32,"minecraft:feather":8,"minecraft:andesite":73,"minecraft:brown_wool":1,"minecraft:leather":8,"minecraft:oak_log":111,"minecraft:gunpowder":32,"minecraft:dirt":28,"minecraft:cooked_mutton":23,"minecraft:bone":10,"minecraft:apple":1,"minecraft:stone_bricks":7,"minecraft:stonecutter":2,"minecraft:wheat_seeds":3,"minecraft:iron_ingot":59,"minecraft:iron_ore":115,"minecraft:oak_planks":16,"minecraft:book":2,"minecraft:sweet_berries":23,"minecraft:dandelion":1,"minecraft:spruce_sapling":16,"minecraft:white_bed":7,"minecraft:spruce_log":24,"minecraft:spruce_door":1,"minecraft:spider_eye":1,"minecraft:granite":70,"minecraft:oak_sapling":11,"minecraft:coal":268},"minecraft:dropped":{"minecraft:wheat_seeds":3,"minecraft:granite":24,"minecraft:cobblestone_stairs":34,"minecraft:dirt":26,"minecraft:diorite":1,"minecraft:wooden_axe":1,"minecraft:wooden_sword":1,"minecraft:bone":2,"minecraft:stone_axe":1,"minecraft:stone_sword":1,"minecraft:rotten_flesh":18,"minecraft:gunpowder":16,"minecraft:spruce_planks":1,"minecraft:andesite":42,"minecraft:spider_eye":1,"minecraft:arrow":4,"minecraft:wooden_pickaxe":1,"minecraft:stone_pickaxe":1},"minecraft:crafted":{"minecraft:wooden_sword":1,"minecraft:oak_planks":248,"minecraft:furnace":2,"minecraft:stone":434,"minecraft:cooked_mutton":23,"minecraft:iron_boots":1,"minecraft:iron_axe":1,"minecraft:stone_pickaxe":6,"minecraft:chest":18,"minecraft:cooked_beef":5,"minecraft:red_dye":1,"minecraft:cooked_porkchop":20,"minecraft:crafting_table":5,"minecraft:spruce_planks":96,"minecraft:wooden_pickaxe":1,"minecraft:iron_helmet":1,"minecraft:iron_sword":1,"minecraft:spruce_door":3,"minecraft:red_bed":1,"minecraft:bucket":1,"minecraft:stone_axe":1,"minecraft:air":0,"minecraft:iron_chestplate":1,"minecraft:shield":1,"minecraft:stick":56,"minecraft:iron_pickaxe":4,"minecraft:iron_ingot":107,"minecraft:wooden_axe":1,"minecraft:stone_sword":1,"minecraft:iron_leggings":1,"minecraft:stonecutter":1,"minecraft:white_bed":1,"minecraft:torch":80},"minecraft:killed":{"minecraft:spider":3,"minecraft:skeleton":3,"minecraft:chicken":5,"minecraft:pig":8,"minecraft:bat":2,"minecraft:creeper":5,"minecraft:sheep":13,"minecraft:zombie":11,"minecraft:cow":3},"minecraft:mined":{"minecraft:spruce_planks":2,"minecraft:white_bed":7,"minecraft:oak_sapling":1,"minecraft:granite":70,"minecraft:grass_block":5,"minecraft:spruce_leaves":32,"minecraft:furnace":5,"minecraft:iron_ore":115,"minecraft:andesite":73,"minecraft:stone":1158,"minecraft:red_bed":1,"minecraft:dandelion":1,"minecraft:crafting_table":5,"minecraft:torch":13,"minecraft:poppy":1,"minecraft:chest":2,"minecraft:cobblestone":15,"minecraft:tall_grass":10,"minecraft:sugar_cane":2,"minecraft:diorite":3,"minecraft:wall_torch":15,"minecraft:birch_log":16,"minecraft:sweet_berry_bush":11,"minecraft:spruce_log":22,"minecraft:birch_leaves":20,"minecraft:grass_path":4,"minecraft:grass":17,"minecraft:oak_log":62,"minecraft:coal_ore":167,"minecraft:dirt":19,"minecraft:stonecutter":2,"minecraft:stone_bricks":7,"minecraft:oak_leaves":10,"minecraft:fern":1},"minecraft:custom":{"minecraft:mob_kills":54,"minecraft:interact_with_crafting_table":43,"minecraft:leave_game":6,"minecraft:time_since_death":170721,"minecraft:climb_one_cm":214,"minecraft:sprint_one_cm":499006,"minecraft:walk_one_cm":430333,"minecraft:drop":30,"minecraft:talked_to_villager":3,"minecraft:sneak_time":9057,"minecraft:walk_under_water_one_cm":729,"minecraft:jump":2419,"minecraft:walk_on_water_one_cm":11904,"minecraft:interact_with_furnace":133,"minecraft:play_one_minute":170721,"minecraft:interact_with_stonecutter":14,"minecraft:sleep_in_bed":16,"minecraft:time_since_rest":12226,"minecraft:damage_taken":1321,"minecraft:damage_dealt":8022,"minecraft:swim_one_cm":3865,"minecraft:fly_one_cm":406801,"minecraft:player_kills":2,"minecraft:open_chest":83,"minecraft:crouch_one_cm":23695,"minecraft:fall_one_cm":56574}},"DataVersion":2586}