{"stats":{"minecraft:broken":{"minecraft:stone_pickaxe":2},"minecraft:used":{"minecraft:stone_sword":81,"minecraft:spruce_door":1,"minecraft:stone_pickaxe":390,"minecraft:chest":2,"minecraft:spruce_planks":1,"minecraft:wooden_pickaxe":21,"minecraft:cooked_chicken":1,"minecraft:rotten_flesh":3,"minecraft:torch":55,"minecraft:dirt":22,"minecraft:crafting_table":2,"minecraft:white_bed":1,"minecraft:granite":9,"minecraft:wooden_axe":5,"minecraft:stone_axe":10,"minecraft:wooden_sword":16,"minecraft:cobblestone":56,"minecraft:furnace":1,"minecraft:porkchop":4,"minecraft:cooked_porkchop":8,"minecraft:andesite":9},"minecraft:picked_up":{"minecraft:crafting_table":1,"minecraft:feather":2,"minecraft:chicken":1,"minecraft:andesite":9,"minecraft:leather":6,"minecraft:dirt":22,"minecraft:string":4,"minecraft:bone":2,"minecraft:wheat_seeds":1,"minecraft:spruce_planks":50,"minecraft:grindstone":2,"minecraft:beef":18,"minecraft:stone_pickaxe":2,"minecraft:iron_ore":99,"minecraft:poppy":2,"minecraft:lectern":2,"minecraft:coal_block":6,"minecraft:egg":8,"minecraft:book":36,"minecraft:stick":1,"minecraft:pumpkin":6,"minecraft:torch":7,"minecraft:gravel":6,"minecraft:porkchop":14,"minecraft:diorite":4,"minecraft:spruce_log":17,"minecraft:spruce_door":2,"minecraft:spider_eye":2,"minecraft:stone_sword":1,"minecraft:purple_bed":2,"minecraft:arrow":4,"minecraft:rotten_flesh":5,"minecraft:stone_axe":1,"minecraft:granite":10,"minecraft:emerald":4,"minecraft:mutton":12,"minecraft:coal":109,"minecraft:white_wool":3,"minecraft:cobblestone":274},"minecraft:dropped":{"minecraft:gravel":3,"minecraft:porkchop":2,"minecraft:wheat_seeds":1,"minecraft:feather":1,"minecraft:rotten_flesh":2,"minecraft:leather":3,"minecraft:poppy":1,"minecraft:diorite":3,"minecraft:wooden_axe":1,"minecraft:spider_eye":1,"minecraft:wooden_sword":1,"minecraft:wooden_pickaxe":1,"minecraft:string":2,"minecraft:bone":1,"minecraft:egg":4},"minecraft:crafted":{"minecraft:cooked_beef":4,"minecraft:coal_block":9,"minecraft:wooden_sword":1,"minecraft:coal":9,"minecraft:cooked_porkchop":8,"minecraft:crafting_table":1,"minecraft:spruce_planks":100,"minecraft:iron_helmet":1,"minecraft:wooden_pickaxe":1,"minecraft:cooked_chicken":1,"minecraft:iron_sword":1,"minecraft:spruce_door":3,"minecraft:furnace":1,"minecraft:stone_axe":1,"minecraft:air":0,"minecraft:iron_chestplate":1,"minecraft:iron_boots":1,"minecraft:shield":1,"minecraft:iron_axe":1,"minecraft:chest":2,"minecraft:stick":36,"minecraft:iron_pickaxe":1,"minecraft:iron_ingot":61,"minecraft:stone_pickaxe":5,"minecraft:wooden_axe":1,"minecraft:iron_leggings":1,"minecraft:stone_sword":1,"minecraft:white_bed":1,"minecraft:torch":52},"minecraft:killed":{"minecraft:pig":6,"minecraft:spider":2,"minecraft:sheep":3,"minecraft:skeleton":2,"minecraft:zombie":7,"minecraft:chicken":1,"minecraft:silverfish":5,"minecraft:cow":4},"minecraft:mined":{"minecraft:spruce_planks":1,"minecraft:crafting_table":1,"minecraft:torch":1,"minecraft:granite":8,"minecraft:grass_block":4,"minecraft:poppy":1,"minecraft:lectern":1,"minecraft:cobblestone":11,"minecraft:spruce_leaves":12,"minecraft:grindstone":1,"minecraft:diorite":2,"minecraft:wall_torch":2,"minecraft:purple_bed":1,"minecraft:iron_ore":72,"minecraft:spruce_log":12,"minecraft:andesite":9,"minecraft:pumpkin":3,"minecraft:grass_path":1,"minecraft:grass":1,"minecraft:bookshelf":6,"minecraft:coal_ore":91,"minecraft:dirt":17,"minecraft:stone":206,"minecraft:oak_leaves":1,"minecraft:infested_stone":2},"minecraft:custom":{"minecraft:interact_with_furnace":15,"minecraft:mob_kills":30,"minecraft:interact_with_crafting_table":19,"minecraft:play_one_minute":68452,"minecraft:leave_game":4,"minecraft:time_since_death":9282,"minecraft:sleep_in_bed":5,"minecraft:time_since_rest":6358,"minecraft:sprint_one_cm":152299,"minecraft:damage_taken":870,"minecraft:walk_one_cm":223166,"minecraft:drop":27,"minecraft:damage_dealt":4367,"minecraft:talked_to_villager":3,"minecraft:fly_one_cm":183920,"minecraft:player_kills":1,"minecraft:open_chest":10,"minecraft:crouch_one_cm":5615,"minecraft:deaths":1,"minecraft:sneak_time":2303,"minecraft:walk_under_water_one_cm":776,"minecraft:jump":1582,"minecraft:walk_on_water_one_cm":6121,"minecraft:fall_one_cm":30650},"minecraft:killed_by":{"minecraft:silverfish":1}},"DataVersion":2586}