{"stats":{"minecraft:broken":{"minecraft:stone_pickaxe":17,"minecraft:iron_pickaxe":3},"minecraft:used":{"minecraft:stone_sword":81,"minecraft:spruce_planks":1,"minecraft:chest":2,"minecraft:iron_sword":57,"minecraft:cooked_chicken":1,"minecraft:rotten_flesh":3,"minecraft:torch":81,"minecraft:dirt":22,"minecraft:granite":9,"minecraft:wooden_axe":5,"minecraft:iron_axe":116,"minecraft:furnace":1,"minecraft:cooked_beef":5,"minecraft:cooked_mutton":6,"minecraft:spruce_door":1,"minecraft:stone_pickaxe":2237,"minecraft:wooden_pickaxe":21,"minecraft:crafting_table":5,"minecraft:white_bed":1,"minecraft:spruce_log":1,"minecraft:oak_log":1,"minecraft:iron_pickaxe":776,"minecraft:gravel":4,"minecraft:stone_axe":10,"minecraft:wooden_sword":16,"minecraft:cobblestone":268,"minecraft:cooked_porkchop":8,"minecraft:porkchop":4,"minecraft:andesite":13},"minecraft:picked_up":{"minecraft:crafting_table":3,"minecraft:chicken":1,"minecraft:string":7,"minecraft:spruce_planks":50,"minecraft:beef":18,"minecraft:poppy":2,"minecraft:lectern":2,"minecraft:coal_block":6,"minecraft:egg":8,"minecraft:stick":4,"minecraft:torch":22,"minecraft:porkchop":14,"minecraft:diorite":69,"minecraft:redstone":67,"minecraft:stone_sword":1,"minecraft:arrow":7,"minecraft:rotten_flesh":5,"minecraft:mutton":12,"minecraft:white_wool":3,"minecraft:cobblestone":2091,"minecraft:feather":2,"minecraft:andesite":80,"minecraft:leather":6,"minecraft:flint":1,"minecraft:oak_log":1,"minecraft:lapis_lazuli":66,"minecraft:dirt":30,"minecraft:bone":4,"minecraft:wheat_seeds":1,"minecraft:grindstone":2,"minecraft:stone_pickaxe":2,"minecraft:iron_ore":193,"minecraft:book":36,"minecraft:pumpkin":6,"minecraft:gravel":37,"minecraft:spruce_sapling":4,"minecraft:spruce_log":82,"minecraft:gold_ore":14,"minecraft:spider_eye":3,"minecraft:spruce_door":2,"minecraft:purple_bed":2,"minecraft:diamond":33,"minecraft:stone_axe":1,"minecraft:granite":75,"minecraft:emerald":12,"minecraft:coal":144},"minecraft:dropped":{"minecraft:porkchop":2,"minecraft:wheat_seeds":1,"minecraft:feather":1,"minecraft:cobblestone":1142,"minecraft:leather":3,"minecraft:granite":34,"minecraft:dirt":2,"minecraft:diorite":49,"minecraft:wooden_axe":1,"minecraft:wooden_sword":1,"minecraft:string":5,"minecraft:bone":1,"minecraft:gravel":3,"minecraft:rotten_flesh":2,"minecraft:poppy":1,"minecraft:andesite":32,"minecraft:spider_eye":2,"minecraft:wooden_pickaxe":1,"minecraft:egg":4},"minecraft:crafted":{"minecraft:wooden_sword":1,"minecraft:coal":9,"minecraft:cooked_chicken":1,"minecraft:furnace":1,"minecraft:cooked_mutton":6,"minecraft:diamond_leggings":1,"minecraft:diamond_helmet":1,"minecraft:iron_boots":1,"minecraft:iron_axe":1,"minecraft:stone_pickaxe":17,"minecraft:chest":2,"minecraft:diamond_boots":1,"minecraft:cooked_beef":9,"minecraft:coal_block":9,"minecraft:diamond_sword":1,"minecraft:cooked_porkchop":8,"minecraft:crafting_table":3,"minecraft:spruce_planks":100,"minecraft:wooden_pickaxe":1,"minecraft:iron_helmet":1,"minecraft:iron_sword":1,"minecraft:spruce_door":3,"minecraft:bucket":2,"minecraft:stone_axe":1,"minecraft:air":0,"minecraft:iron_chestplate":1,"minecraft:diamond_pickaxe":1,"minecraft:shield":1,"minecraft:stick":84,"minecraft:iron_pickaxe":7,"minecraft:iron_ingot":155,"minecraft:wooden_axe":1,"minecraft:stone_sword":1,"minecraft:iron_leggings":1,"minecraft:white_bed":1,"minecraft:torch":76,"minecraft:diamond_chestplate":1},"minecraft:killed":{"minecraft:spider":4,"minecraft:skeleton":5,"minecraft:chicken":1,"minecraft:silverfish":23,"minecraft:pig":6,"minecraft:sheep":3,"minecraft:zombie":9,"minecraft:cow":4},"minecraft:mined":{"minecraft:diamond_ore":33,"minecraft:spruce_planks":1,"minecraft:granite":105,"minecraft:grass_block":4,"minecraft:spruce_leaves":58,"minecraft:redstone_ore":20,"minecraft:iron_ore":166,"minecraft:andesite":83,"minecraft:pumpkin":3,"minecraft:bookshelf":6,"minecraft:stone":2307,"minecraft:crafting_table":3,"minecraft:torch":13,"minecraft:emerald_ore":8,"minecraft:poppy":1,"minecraft:lectern":1,"minecraft:cobblestone":22,"minecraft:lapis_ore":17,"minecraft:grindstone":1,"minecraft:diorite":67,"minecraft:wall_torch":4,"minecraft:purple_bed":1,"minecraft:spruce_log":79,"minecraft:grass_path":1,"minecraft:grass":1,"minecraft:coal_ore":126,"minecraft:oak_log":1,"minecraft:gravel":26,"minecraft:dirt":43,"minecraft:gold_ore":16,"minecraft:oak_leaves":1,"minecraft:infested_stone":13},"minecraft:custom":{"minecraft:mob_kills":55,"minecraft:interact_with_crafting_table":30,"minecraft:leave_game":9,"minecraft:time_since_death":145785,"minecraft:sprint_one_cm":255484,"minecraft:walk_one_cm":594423,"minecraft:drop":89,"minecraft:talked_to_villager":3,"minecraft:deaths":1,"minecraft:sneak_time":9067,"minecraft:walk_under_water_one_cm":776,"minecraft:jump":2830,"minecraft:walk_on_water_one_cm":8059,"minecraft:interact_with_furnace":27,"minecraft:play_one_minute":204955,"minecraft:sleep_in_bed":7,"minecraft:time_since_rest":10374,"minecraft:damage_taken":1306,"minecraft:damage_dealt":6910,"minecraft:fly_one_cm":287000,"minecraft:player_kills":1,"minecraft:open_chest":22,"minecraft:crouch_one_cm":27730,"minecraft:fall_one_cm":38824},"minecraft:killed_by":{"minecraft:silverfish":1}},"DataVersion":2586}