{"stats":{"minecraft:used":{"minecraft:wooden_axe":5,"minecraft:spruce_planks":1,"minecraft:wooden_pickaxe":21,"minecraft:rotten_flesh":1,"minecraft:wooden_sword":16,"minecraft:dirt":2,"minecraft:cobblestone":13,"minecraft:crafting_table":2,"minecraft:white_bed":1},"minecraft:picked_up":{"minecraft:crafting_table":1,"minecraft:pumpkin":3,"minecraft:spruce_log":13,"minecraft:dirt":2,"minecraft:rotten_flesh":1,"minecraft:wheat_seeds":1,"minecraft:poppy":1,"minecraft:mutton":6,"minecraft:white_wool":3,"minecraft:cobblestone":21},"minecraft:dropped":{"minecraft:wheat_seeds":1},"minecraft:crafted":{"minecraft:wooden_sword":1,"minecraft:crafting_table":1,"minecraft:spruce_planks":52,"minecraft:stick":12,"minecraft:wooden_pickaxe":1,"minecraft:stone_pickaxe":1,"minecraft:wooden_axe":1,"minecraft:stone_sword":1,"minecraft:white_bed":1},"minecraft:mined":{"minecraft:spruce_log":12,"minecraft:pumpkin":3,"minecraft:crafting_table":1,"minecraft:grass":1,"minecraft:grass_block":1,"minecraft:poppy":1,"minecraft:dirt":1,"minecraft:cobblestone":2,"minecraft:spruce_leaves":11,"minecraft:stone":19,"minecraft:oak_leaves":1},"minecraft:killed":{"minecraft:sheep":3,"minecraft:zombie":2},"minecraft:custom":{"minecraft:time_since_rest":0,"minecraft:sprint_one_cm":20983,"minecraft:damage_taken":130,"minecraft:walk_one_cm":26579,"minecraft:mob_kills":5,"minecraft:drop":1,"minecraft:damage_dealt":810,"minecraft:player_kills":1,"minecraft:interact_with_crafting_table":6,"minecraft:fly_one_cm":55515,"minecraft:play_one_minute":10885,"minecraft:sneak_time":3,"minecraft:walk_under_water_one_cm":72,"minecraft:jump":369,"minecraft:walk_on_water_one_cm":4836,"minecraft:time_since_death":10885,"minecraft:sleep_in_bed":2,"minecraft:fall_one_cm":12506}},"DataVersion":2586}