{"stats":{"minecraft:broken":{"minecraft:stone_pickaxe":1},"minecraft:used":{"minecraft:stone_sword":69,"minecraft:spruce_door":1,"minecraft:stone_pickaxe":249,"minecraft:spruce_planks":1,"minecraft:wooden_pickaxe":21,"minecraft:cooked_chicken":1,"minecraft:rotten_flesh":3,"minecraft:torch":52,"minecraft:dirt":2,"minecraft:crafting_table":2,"minecraft:white_bed":1,"minecraft:granite":8,"minecraft:wooden_axe":5,"minecraft:stone_axe":10,"minecraft:wooden_sword":16,"minecraft:cobblestone":50,"minecraft:furnace":1,"minecraft:porkchop":4,"minecraft:cooked_porkchop":8,"minecraft:andesite":6},"minecraft:picked_up":{"minecraft:crafting_table":1,"minecraft:feather":1,"minecraft:chicken":1,"minecraft:andesite":6,"minecraft:leather":3,"minecraft:dirt":22,"minecraft:string":2,"minecraft:bone":1,"minecraft:wheat_seeds":1,"minecraft:spruce_planks":1,"minecraft:grindstone":1,"minecraft:beef":9,"minecraft:iron_ore":61,"minecraft:poppy":1,"minecraft:lectern":1,"minecraft:egg":4,"minecraft:book":18,"minecraft:pumpkin":3,"minecraft:torch":4,"minecraft:gravel":3,"minecraft:porkchop":14,"minecraft:diorite":1,"minecraft:spruce_log":13,"minecraft:spider_eye":1,"minecraft:purple_bed":1,"minecraft:arrow":2,"minecraft:rotten_flesh":5,"minecraft:granite":9,"minecraft:mutton":6,"minecraft:coal":91,"minecraft:white_wool":3,"minecraft:cobblestone":111},"minecraft:dropped":{"minecraft:wheat_seeds":1,"minecraft:wooden_axe":1,"minecraft:wooden_sword":1,"minecraft:wooden_pickaxe":1},"minecraft:crafted":{"minecraft:coal_block":7,"minecraft:wooden_sword":1,"minecraft:coal":9,"minecraft:cooked_porkchop":8,"minecraft:crafting_table":1,"minecraft:spruce_planks":84,"minecraft:wooden_pickaxe":1,"minecraft:cooked_chicken":1,"minecraft:spruce_door":3,"minecraft:furnace":1,"minecraft:stone_axe":1,"minecraft:air":0,"minecraft:stick":28,"minecraft:stone_pickaxe":3,"minecraft:wooden_axe":1,"minecraft:stone_sword":1,"minecraft:white_bed":1,"minecraft:torch":52},"minecraft:killed":{"minecraft:pig":6,"minecraft:spider":2,"minecraft:sheep":3,"minecraft:skeleton":2,"minecraft:zombie":7,"minecraft:chicken":1,"minecraft:cow":4},"minecraft:mined":{"minecraft:spruce_planks":1,"minecraft:crafting_table":1,"minecraft:torch":1,"minecraft:granite":8,"minecraft:grass_block":4,"minecraft:poppy":1,"minecraft:lectern":1,"minecraft:cobblestone":10,"minecraft:spruce_leaves":12,"minecraft:grindstone":1,"minecraft:wall_torch":1,"minecraft:purple_bed":1,"minecraft:iron_ore":62,"minecraft:spruce_log":12,"minecraft:andesite":6,"minecraft:pumpkin":3,"minecraft:grass_path":1,"minecraft:grass":1,"minecraft:bookshelf":6,"minecraft:coal_ore":91,"minecraft:dirt":17,"minecraft:stone":85,"minecraft:oak_leaves":1},"minecraft:custom":{"minecraft:interact_with_furnace":6,"minecraft:mob_kills":25,"minecraft:interact_with_crafting_table":13,"minecraft:play_one_minute":56452,"minecraft:leave_game":4,"minecraft:time_since_death":56452,"minecraft:sleep_in_bed":3,"minecraft:time_since_rest":30896,"minecraft:sprint_one_cm":139439,"minecraft:damage_taken":600,"minecraft:walk_one_cm":199467,"minecraft:drop":4,"minecraft:damage_dealt":3949,"minecraft:talked_to_villager":3,"minecraft:fly_one_cm":167766,"minecraft:player_kills":1,"minecraft:open_chest":3,"minecraft:crouch_one_cm":5239,"minecraft:sneak_time":2140,"minecraft:walk_under_water_one_cm":776,"minecraft:jump":1349,"minecraft:walk_on_water_one_cm":6121,"minecraft:fall_one_cm":28098}},"DataVersion":2586}