{"stats":{"minecraft:broken":{"minecraft:stone_pickaxe":9},"minecraft:picked_up":{"minecraft:crafting_table":2,"minecraft:feather":2,"minecraft:chicken":1,"minecraft:andesite":36,"minecraft:leather":6,"minecraft:string":7,"minecraft:lapis_lazuli":57,"minecraft:dirt":24,"minecraft:bone":4,"minecraft:wheat_seeds":1,"minecraft:spruce_planks":50,"minecraft:grindstone":2,"minecraft:beef":18,"minecraft:stone_pickaxe":2,"minecraft:iron_ore":157,"minecraft:poppy":2,"minecraft:lectern":2,"minecraft:coal_block":6,"minecraft:egg":8,"minecraft:book":36,"minecraft:stick":3,"minecraft:pumpkin":6,"minecraft:torch":8,"minecraft:gravel":6,"minecraft:porkchop":14,"minecraft:diorite":24,"minecraft:spruce_log":17,"minecraft:redstone":33,"minecraft:gold_ore":4,"minecraft:spruce_door":2,"minecraft:spider_eye":3,"minecraft:stone_sword":1,"minecraft:arrow":7,"minecraft:purple_bed":2,"minecraft:rotten_flesh":5,"minecraft:diamond":16,"minecraft:stone_axe":1,"minecraft:granite":43,"minecraft:emerald":7,"minecraft:mutton":12,"minecraft:coal":134,"minecraft:white_wool":3,"minecraft:cobblestone":947},"minecraft:used":{"minecraft:cooked_mutton":3,"minecraft:stone_sword":81,"minecraft:spruce_door":1,"minecraft:stone_pickaxe":1196,"minecraft:chest":2,"minecraft:spruce_planks":1,"minecraft:wooden_pickaxe":21,"minecraft:iron_sword":35,"minecraft:cooked_chicken":1,"minecraft:rotten_flesh":3,"minecraft:torch":65,"minecraft:dirt":22,"minecraft:crafting_table":5,"minecraft:white_bed":1,"minecraft:granite":9,"minecraft:wooden_axe":5,"minecraft:iron_axe":1,"minecraft:iron_pickaxe":89,"minecraft:stone_axe":10,"minecraft:wooden_sword":16,"minecraft:cobblestone":239,"minecraft:porkchop":4,"minecraft:furnace":1,"minecraft:cooked_porkchop":8,"minecraft:andesite":9,"minecraft:cooked_beef":1},"minecraft:dropped":{"minecraft:gravel":3,"minecraft:porkchop":2,"minecraft:wheat_seeds":1,"minecraft:feather":1,"minecraft:cobblestone":162,"minecraft:rotten_flesh":2,"minecraft:leather":3,"minecraft:granite":33,"minecraft:poppy":1,"minecraft:dirt":2,"minecraft:diorite":5,"minecraft:wooden_axe":1,"minecraft:andesite":27,"minecraft:spider_eye":2,"minecraft:wooden_sword":1,"minecraft:wooden_pickaxe":1,"minecraft:string":5,"minecraft:egg":4,"minecraft:bone":1},"minecraft:crafted":{"minecraft:cooked_beef":9,"minecraft:coal_block":9,"minecraft:wooden_sword":1,"minecraft:coal":9,"minecraft:cooked_porkchop":8,"minecraft:crafting_table":3,"minecraft:spruce_planks":100,"minecraft:cooked_chicken":1,"minecraft:wooden_pickaxe":1,"minecraft:iron_helmet":1,"minecraft:iron_sword":1,"minecraft:spruce_door":3,"minecraft:furnace":1,"minecraft:stone_axe":1,"minecraft:cooked_mutton":6,"minecraft:air":0,"minecraft:iron_chestplate":1,"minecraft:iron_boots":1,"minecraft:shield":1,"minecraft:iron_axe":1,"minecraft:stick":68,"minecraft:iron_ingot":61,"minecraft:iron_pickaxe":1,"minecraft:stone_pickaxe":17,"minecraft:wooden_axe":1,"minecraft:stone_sword":1,"minecraft:chest":2,"minecraft:iron_leggings":1,"minecraft:white_bed":1,"minecraft:torch":76},"minecraft:killed":{"minecraft:pig":6,"minecraft:spider":4,"minecraft:sheep":3,"minecraft:skeleton":5,"minecraft:zombie":9,"minecraft:chicken":1,"minecraft:silverfish":10,"minecraft:cow":4},"minecraft:mined":{"minecraft:diamond_ore":16,"minecraft:spruce_planks":1,"minecraft:crafting_table":2,"minecraft:torch":1,"minecraft:granite":41,"minecraft:emerald_ore":3,"minecraft:grass_block":4,"minecraft:poppy":1,"minecraft:lectern":1,"minecraft:cobblestone":15,"minecraft:spruce_leaves":12,"minecraft:lapis_ore":10,"minecraft:grindstone":1,"minecraft:diorite":22,"minecraft:wall_torch":2,"minecraft:purple_bed":1,"minecraft:redstone_ore":7,"minecraft:iron_ore":130,"minecraft:spruce_log":12,"minecraft:andesite":36,"minecraft:pumpkin":3,"minecraft:grass_path":1,"minecraft:grass":1,"minecraft:bookshelf":6,"minecraft:coal_ore":116,"minecraft:dirt":19,"minecraft:stone":889,"minecraft:gold_ore":4,"minecraft:oak_leaves":1,"minecraft:infested_stone":5},"minecraft:custom":{"minecraft:interact_with_furnace":18,"minecraft:mob_kills":42,"minecraft:interact_with_crafting_table":23,"minecraft:play_one_minute":120955,"minecraft:leave_game":9,"minecraft:time_since_death":61785,"minecraft:sleep_in_bed":5,"minecraft:time_since_rest":58861,"minecraft:sprint_one_cm":190535,"minecraft:damage_taken":1164,"minecraft:walk_one_cm":377475,"minecraft:drop":69,"minecraft:damage_dealt":6017,"minecraft:fly_one_cm":204950,"minecraft:player_kills":1,"minecraft:talked_to_villager":3,"minecraft:open_chest":11,"minecraft:crouch_one_cm":25774,"minecraft:sneak_time":7981,"minecraft:deaths":1,"minecraft:walk_under_water_one_cm":776,"minecraft:jump":1892,"minecraft:walk_on_water_one_cm":7859,"minecraft:fall_one_cm":32777},"minecraft:killed_by":{"minecraft:silverfish":1}},"DataVersion":2586}