{"stats":{"minecraft:broken":{"minecraft:stone_pickaxe":1},"minecraft:used":{"minecraft:stone_sword":50,"minecraft:spruce_door":1,"minecraft:stone_pickaxe":202,"minecraft:spruce_planks":1,"minecraft:wooden_pickaxe":21,"minecraft:cooked_chicken":1,"minecraft:rotten_flesh":3,"minecraft:torch":48,"minecraft:dirt":2,"minecraft:crafting_table":2,"minecraft:white_bed":1,"minecraft:granite":8,"minecraft:wooden_axe":5,"minecraft:stone_axe":1,"minecraft:wooden_sword":16,"minecraft:cobblestone":50,"minecraft:porkchop":4,"minecraft:furnace":1,"minecraft:cooked_porkchop":4,"minecraft:andesite":1},"minecraft:picked_up":{"minecraft:crafting_table":1,"minecraft:feather":1,"minecraft:chicken":1,"minecraft:andesite":1,"minecraft:string":2,"minecraft:dirt":16,"minecraft:bone":1,"minecraft:wheat_seeds":1,"minecraft:spruce_planks":1,"minecraft:iron_ore":33,"minecraft:poppy":1,"minecraft:egg":4,"minecraft:pumpkin":3,"minecraft:torch":4,"minecraft:gravel":3,"minecraft:porkchop":12,"minecraft:diorite":1,"minecraft:spruce_log":13,"minecraft:spider_eye":1,"minecraft:arrow":2,"minecraft:rotten_flesh":3,"minecraft:granite":9,"minecraft:mutton":6,"minecraft:coal":91,"minecraft:white_wool":3,"minecraft:cobblestone":104},"minecraft:dropped":{"minecraft:wheat_seeds":1,"minecraft:wooden_axe":1,"minecraft:wooden_sword":1,"minecraft:wooden_pickaxe":1},"minecraft:crafted":{"minecraft:coal_block":7,"minecraft:wooden_sword":1,"minecraft:coal":9,"minecraft:cooked_porkchop":8,"minecraft:crafting_table":1,"minecraft:spruce_planks":52,"minecraft:cooked_chicken":1,"minecraft:wooden_pickaxe":1,"minecraft:spruce_door":3,"minecraft:furnace":1,"minecraft:stone_axe":1,"minecraft:air":0,"minecraft:stick":28,"minecraft:stone_pickaxe":3,"minecraft:wooden_axe":1,"minecraft:stone_sword":1,"minecraft:white_bed":1,"minecraft:torch":52},"minecraft:killed":{"minecraft:pig":5,"minecraft:spider":2,"minecraft:sheep":3,"minecraft:skeleton":2,"minecraft:zombie":6,"minecraft:chicken":1},"minecraft:mined":{"minecraft:spruce_planks":1,"minecraft:crafting_table":1,"minecraft:torch":1,"minecraft:granite":8,"minecraft:grass_block":4,"minecraft:poppy":1,"minecraft:cobblestone":10,"minecraft:spruce_leaves":11,"minecraft:wall_torch":1,"minecraft:iron_ore":33,"minecraft:spruce_log":12,"minecraft:andesite":1,"minecraft:pumpkin":3,"minecraft:grass":1,"minecraft:coal_ore":91,"minecraft:dirt":12,"minecraft:stone":78,"minecraft:oak_leaves":1},"minecraft:custom":{"minecraft:interact_with_furnace":6,"minecraft:mob_kills":19,"minecraft:interact_with_crafting_table":13,"minecraft:play_one_minute":45504,"minecraft:leave_game":3,"minecraft:time_since_death":45504,"minecraft:sleep_in_bed":3,"minecraft:time_since_rest":19948,"minecraft:sprint_one_cm":94675,"minecraft:damage_taken":465,"minecraft:walk_one_cm":151865,"minecraft:drop":4,"minecraft:damage_dealt":3136,"minecraft:fly_one_cm":122163,"minecraft:player_kills":1,"minecraft:crouch_one_cm":4011,"minecraft:sneak_time":1541,"minecraft:walk_under_water_one_cm":72,"minecraft:jump":981,"minecraft:walk_on_water_one_cm":4836,"minecraft:fall_one_cm":20793}},"DataVersion":2586}