{"stats":{"minecraft:broken":{"minecraft:stone_pickaxe":17,"minecraft:iron_pickaxe":2},"minecraft:picked_up":{"minecraft:crafting_table":3,"minecraft:feather":2,"minecraft:chicken":1,"minecraft:andesite":70,"minecraft:leather":6,"minecraft:flint":1,"minecraft:oak_log":1,"minecraft:string":7,"minecraft:lapis_lazuli":66,"minecraft:dirt":30,"minecraft:bone":4,"minecraft:wheat_seeds":1,"minecraft:spruce_planks":50,"minecraft:grindstone":2,"minecraft:beef":18,"minecraft:stone_pickaxe":2,"minecraft:iron_ore":193,"minecraft:poppy":2,"minecraft:lectern":2,"minecraft:coal_block":6,"minecraft:egg":8,"minecraft:book":36,"minecraft:stick":4,"minecraft:pumpkin":6,"minecraft:torch":22,"minecraft:gravel":37,"minecraft:spruce_sapling":4,"minecraft:porkchop":14,"minecraft:diorite":69,"minecraft:spruce_log":82,"minecraft:redstone":67,"minecraft:gold_ore":4,"minecraft:spruce_door":2,"minecraft:spider_eye":3,"minecraft:stone_sword":1,"minecraft:arrow":7,"minecraft:purple_bed":2,"minecraft:rotten_flesh":5,"minecraft:diamond":33,"minecraft:stone_axe":1,"minecraft:granite":75,"minecraft:emerald":12,"minecraft:mutton":12,"minecraft:coal":144,"minecraft:white_wool":3,"minecraft:cobblestone":2070},"minecraft:used":{"minecraft:cooked_mutton":6,"minecraft:stone_sword":81,"minecraft:spruce_door":1,"minecraft:stone_pickaxe":2237,"minecraft:chest":2,"minecraft:spruce_planks":1,"minecraft:wooden_pickaxe":21,"minecraft:iron_sword":57,"minecraft:cooked_chicken":1,"minecraft:rotten_flesh":3,"minecraft:torch":81,"minecraft:dirt":22,"minecraft:crafting_table":5,"minecraft:white_bed":1,"minecraft:granite":9,"minecraft:spruce_log":1,"minecraft:oak_log":1,"minecraft:wooden_axe":5,"minecraft:gravel":4,"minecraft:iron_axe":116,"minecraft:iron_pickaxe":739,"minecraft:stone_axe":10,"minecraft:wooden_sword":16,"minecraft:cobblestone":268,"minecraft:porkchop":4,"minecraft:furnace":1,"minecraft:cooked_porkchop":8,"minecraft:andesite":13,"minecraft:cooked_beef":3},"minecraft:dropped":{"minecraft:gravel":3,"minecraft:porkchop":2,"minecraft:wheat_seeds":1,"minecraft:feather":1,"minecraft:cobblestone":1142,"minecraft:rotten_flesh":2,"minecraft:leather":3,"minecraft:granite":34,"minecraft:poppy":1,"minecraft:dirt":2,"minecraft:diorite":49,"minecraft:wooden_axe":1,"minecraft:andesite":32,"minecraft:spider_eye":2,"minecraft:wooden_sword":1,"minecraft:wooden_pickaxe":1,"minecraft:string":5,"minecraft:egg":4,"minecraft:bone":1},"minecraft:crafted":{"minecraft:cooked_beef":9,"minecraft:coal_block":9,"minecraft:wooden_sword":1,"minecraft:coal":9,"minecraft:cooked_porkchop":8,"minecraft:crafting_table":3,"minecraft:spruce_planks":100,"minecraft:cooked_chicken":1,"minecraft:wooden_pickaxe":1,"minecraft:iron_helmet":1,"minecraft:iron_sword":1,"minecraft:spruce_door":3,"minecraft:furnace":1,"minecraft:stone_axe":1,"minecraft:cooked_mutton":6,"minecraft:air":0,"minecraft:iron_chestplate":1,"minecraft:iron_boots":1,"minecraft:shield":1,"minecraft:iron_axe":1,"minecraft:stick":84,"minecraft:iron_ingot":155,"minecraft:iron_pickaxe":7,"minecraft:stone_pickaxe":17,"minecraft:wooden_axe":1,"minecraft:stone_sword":1,"minecraft:chest":2,"minecraft:iron_leggings":1,"minecraft:white_bed":1,"minecraft:torch":76},"minecraft:killed":{"minecraft:pig":6,"minecraft:spider":4,"minecraft:sheep":3,"minecraft:skeleton":5,"minecraft:zombie":9,"minecraft:chicken":1,"minecraft:silverfish":23,"minecraft:cow":4},"minecraft:mined":{"minecraft:diamond_ore":33,"minecraft:spruce_planks":1,"minecraft:crafting_table":3,"minecraft:torch":13,"minecraft:granite":105,"minecraft:emerald_ore":8,"minecraft:grass_block":4,"minecraft:poppy":1,"minecraft:lectern":1,"minecraft:cobblestone":22,"minecraft:spruce_leaves":58,"minecraft:lapis_ore":17,"minecraft:grindstone":1,"minecraft:diorite":67,"minecraft:wall_torch":4,"minecraft:purple_bed":1,"minecraft:redstone_ore":20,"minecraft:oak_log":1,"minecraft:iron_ore":166,"minecraft:spruce_log":79,"minecraft:andesite":74,"minecraft:pumpkin":3,"minecraft:grass_path":1,"minecraft:grass":1,"minecraft:bookshelf":6,"minecraft:coal_ore":126,"minecraft:gravel":26,"minecraft:dirt":43,"minecraft:stone":2289,"minecraft:gold_ore":6,"minecraft:oak_leaves":1,"minecraft:infested_stone":13},"minecraft:custom":{"minecraft:interact_with_furnace":25,"minecraft:mob_kills":55,"minecraft:interact_with_crafting_table":27,"minecraft:play_one_minute":192955,"minecraft:leave_game":9,"minecraft:time_since_death":133785,"minecraft:sleep_in_bed":6,"minecraft:time_since_rest":36226,"minecraft:sprint_one_cm":246947,"minecraft:damage_taken":1306,"minecraft:walk_one_cm":577004,"minecraft:drop":89,"minecraft:damage_dealt":6910,"minecraft:fly_one_cm":268911,"minecraft:player_kills":1,"minecraft:talked_to_villager":3,"minecraft:open_chest":17,"minecraft:crouch_one_cm":27730,"minecraft:sneak_time":9062,"minecraft:deaths":1,"minecraft:walk_under_water_one_cm":776,"minecraft:jump":2653,"minecraft:walk_on_water_one_cm":8059,"minecraft:fall_one_cm":37719},"minecraft:killed_by":{"minecraft:silverfish":1}},"DataVersion":2586}