{"stats":{"minecraft:broken":{"minecraft:stone_pickaxe":17,"minecraft:iron_pickaxe":3},"minecraft:used":{"minecraft:stone_sword":81,"minecraft:flint_and_steel":1,"minecraft:chest":2,"minecraft:spruce_planks":1,"minecraft:shield":12,"minecraft:iron_sword":167,"minecraft:cooked_chicken":1,"minecraft:rotten_flesh":3,"minecraft:torch":88,"minecraft:dirt":22,"minecraft:mutton":17,"minecraft:granite":9,"minecraft:obsidian":11,"minecraft:wooden_axe":5,"minecraft:lava_bucket":3,"minecraft:iron_axe":116,"minecraft:beef":5,"minecraft:furnace":1,"minecraft:cooked_beef":9,"minecraft:cooked_mutton":6,"minecraft:water_bucket":16,"minecraft:spruce_door":1,"minecraft:stone_pickaxe":2237,"minecraft:wooden_pickaxe":21,"minecraft:crafting_table":5,"minecraft:white_bed":1,"minecraft:spruce_log":1,"minecraft:oak_log":1,"minecraft:diamond_pickaxe":19,"minecraft:iron_pickaxe":909,"minecraft:gravel":16,"minecraft:stone_axe":10,"minecraft:wooden_sword":16,"minecraft:cobblestone":280,"minecraft:porkchop":4,"minecraft:cooked_porkchop":8,"minecraft:andesite":13,"minecraft:bucket":20},"minecraft:picked_up":{"minecraft:crafting_table":3,"minecraft:chicken":1,"minecraft:string":7,"minecraft:spruce_planks":50,"minecraft:beef":23,"minecraft:poppy":2,"minecraft:light_gray_wool":4,"minecraft:lectern":2,"minecraft:coal_block":6,"minecraft:egg":8,"minecraft:stick":4,"minecraft:torch":40,"minecraft:porkchop":14,"minecraft:diorite":77,"minecraft:redstone":67,"minecraft:stone_sword":1,"minecraft:arrow":19,"minecraft:rotten_flesh":11,"minecraft:obsidian":12,"minecraft:mutton":35,"minecraft:bone_block":11,"minecraft:white_wool":13,"minecraft:cobblestone":2179,"minecraft:feather":2,"minecraft:andesite":94,"minecraft:leather":9,"minecraft:flint":1,"minecraft:oak_log":1,"minecraft:gunpowder":2,"minecraft:lapis_lazuli":66,"minecraft:dirt":42,"minecraft:bone":13,"minecraft:wheat_seeds":2,"minecraft:grindstone":2,"minecraft:stone_pickaxe":2,"minecraft:iron_ore":194,"minecraft:soul_sand":5,"minecraft:book":36,"minecraft:pumpkin":6,"minecraft:gravel":40,"minecraft:spruce_sapling":4,"minecraft:spruce_log":82,"minecraft:gold_ore":14,"minecraft:spruce_door":2,"minecraft:spider_eye":3,"minecraft:purple_bed":2,"minecraft:diamond":33,"minecraft:stone_axe":1,"minecraft:granite":81,"minecraft:emerald":16,"minecraft:coal":149},"minecraft:dropped":{"minecraft:porkchop":2,"minecraft:wheat_seeds":2,"minecraft:feather":1,"minecraft:cobblestone":1597,"minecraft:leather":6,"minecraft:granite":71,"minecraft:spruce_door":2,"minecraft:dirt":20,"minecraft:diorite":76,"minecraft:wooden_axe":1,"minecraft:wooden_sword":1,"minecraft:string":5,"minecraft:spruce_sapling":4,"minecraft:bone":1,"minecraft:gravel":3,"minecraft:stone_axe":1,"minecraft:stone_sword":1,"minecraft:rotten_flesh":8,"minecraft:light_gray_wool":4,"minecraft:poppy":1,"minecraft:gunpowder":2,"minecraft:andesite":81,"minecraft:spider_eye":2,"minecraft:iron_ore":1,"minecraft:wooden_pickaxe":1,"minecraft:egg":4},"minecraft:crafted":{"minecraft:wooden_sword":1,"minecraft:coal":9,"minecraft:cooked_chicken":1,"minecraft:furnace":1,"minecraft:cooked_mutton":6,"minecraft:flint_and_steel":1,"minecraft:diamond_helmet":1,"minecraft:diamond_leggings":1,"minecraft:iron_boots":1,"minecraft:iron_axe":1,"minecraft:stone_pickaxe":17,"minecraft:chest":2,"minecraft:diamond_boots":1,"minecraft:cooked_beef":9,"minecraft:coal_block":12,"minecraft:diamond_sword":1,"minecraft:cooked_porkchop":8,"minecraft:crafting_table":3,"minecraft:spruce_planks":100,"minecraft:wooden_pickaxe":1,"minecraft:iron_helmet":1,"minecraft:iron_sword":1,"minecraft:spruce_door":3,"minecraft:bucket":2,"minecraft:stone_axe":1,"minecraft:air":0,"minecraft:iron_chestplate":1,"minecraft:diamond_pickaxe":1,"minecraft:shield":1,"minecraft:stick":84,"minecraft:iron_pickaxe":7,"minecraft:iron_ingot":155,"minecraft:wooden_axe":1,"minecraft:stone_sword":1,"minecraft:iron_leggings":1,"minecraft:white_bed":1,"minecraft:torch":76,"minecraft:diamond_chestplate":1},"minecraft:killed":{"minecraft:spider":4,"minecraft:skeleton":14,"minecraft:chicken":1,"minecraft:silverfish":23,"minecraft:pig":6,"minecraft:creeper":1,"minecraft:sheep":17,"minecraft:zombie":19,"minecraft:cow":7},"minecraft:mined":{"minecraft:diamond_ore":33,"minecraft:spruce_planks":1,"minecraft:obsidian":12,"minecraft:granite":107,"minecraft:grass_block":6,"minecraft:spruce_leaves":58,"minecraft:redstone_ore":20,"minecraft:iron_ore":166,"minecraft:andesite":97,"minecraft:pumpkin":3,"minecraft:bookshelf":6,"minecraft:stone":2393,"minecraft:bone_block":12,"minecraft:soul_sand":5,"minecraft:crafting_table":3,"minecraft:torch":15,"minecraft:emerald_ore":13,"minecraft:poppy":1,"minecraft:lectern":1,"minecraft:cobblestone":25,"minecraft:lapis_ore":17,"minecraft:grindstone":1,"minecraft:diorite":75,"minecraft:wall_torch":4,"minecraft:purple_bed":1,"minecraft:spruce_log":79,"minecraft:grass_path":1,"minecraft:grass":4,"minecraft:oak_log":1,"minecraft:coal_ore":131,"minecraft:gravel":26,"minecraft:dirt":45,"minecraft:gold_ore":16,"minecraft:oak_leaves":1,"minecraft:infested_stone":13},"minecraft:custom":{"minecraft:mob_kills":92,"minecraft:interact_with_crafting_table":31,"minecraft:leave_game":11,"minecraft:time_since_death":196977,"minecraft:sprint_one_cm":321658,"minecraft:walk_one_cm":762480,"minecraft:damage_blocked_by_shield":370,"minecraft:drop":127,"minecraft:talked_to_villager":3,"minecraft:deaths":1,"minecraft:sneak_time":10969,"minecraft:walk_under_water_one_cm":5882,"minecraft:jump":4089,"minecraft:walk_on_water_one_cm":27249,"minecraft:interact_with_furnace":29,"minecraft:play_one_minute":256147,"minecraft:sleep_in_bed":7,"minecraft:time_since_rest":61566,"minecraft:damage_taken":2109,"minecraft:damage_dealt":12350,"minecraft:fly_one_cm":472675,"minecraft:player_kills":1,"minecraft:open_chest":39,"minecraft:crouch_one_cm":31788,"minecraft:fall_one_cm":66533},"minecraft:killed_by":{"minecraft:silverfish":1}},"DataVersion":2586}