{"stats":{"minecraft:broken":{"minecraft:stone_pickaxe":1},"minecraft:used":{"minecraft:stone_sword":29,"minecraft:spruce_door":1,"minecraft:stone_pickaxe":143,"minecraft:spruce_planks":1,"minecraft:wooden_pickaxe":21,"minecraft:rotten_flesh":3,"minecraft:torch":17,"minecraft:dirt":2,"minecraft:crafting_table":2,"minecraft:white_bed":1,"minecraft:granite":4,"minecraft:wooden_axe":5,"minecraft:stone_axe":1,"minecraft:wooden_sword":16,"minecraft:cobblestone":16,"minecraft:porkchop":4,"minecraft:furnace":1,"minecraft:cooked_porkchop":2},"minecraft:picked_up":{"minecraft:crafting_table":1,"minecraft:feather":1,"minecraft:chicken":1,"minecraft:dirt":11,"minecraft:wheat_seeds":1,"minecraft:spruce_planks":1,"minecraft:iron_ore":6,"minecraft:poppy":1,"minecraft:egg":2,"minecraft:pumpkin":3,"minecraft:torch":2,"minecraft:porkchop":12,"minecraft:spruce_log":13,"minecraft:rotten_flesh":3,"minecraft:granite":8,"minecraft:mutton":6,"minecraft:coal":73,"minecraft:white_wool":3,"minecraft:cobblestone":81},"minecraft:dropped":{"minecraft:wheat_seeds":1,"minecraft:wooden_axe":1,"minecraft:wooden_sword":1,"minecraft:wooden_pickaxe":1},"minecraft:crafted":{"minecraft:coal_block":7,"minecraft:wooden_sword":1,"minecraft:cooked_porkchop":8,"minecraft:crafting_table":1,"minecraft:spruce_planks":52,"minecraft:wooden_pickaxe":1,"minecraft:spruce_door":3,"minecraft:furnace":1,"minecraft:stone_axe":1,"minecraft:air":0,"minecraft:stick":20,"minecraft:stone_pickaxe":3,"minecraft:wooden_axe":1,"minecraft:stone_sword":1,"minecraft:white_bed":1,"minecraft:torch":16},"minecraft:killed":{"minecraft:pig":5,"minecraft:sheep":3,"minecraft:zombie":6,"minecraft:chicken":1},"minecraft:mined":{"minecraft:spruce_planks":1,"minecraft:crafting_table":1,"minecraft:torch":1,"minecraft:granite":8,"minecraft:grass_block":1,"minecraft:poppy":1,"minecraft:cobblestone":10,"minecraft:spruce_leaves":11,"minecraft:wall_torch":1,"minecraft:iron_ore":6,"minecraft:spruce_log":12,"minecraft:pumpkin":3,"minecraft:grass":1,"minecraft:coal_ore":73,"minecraft:dirt":10,"minecraft:stone":66,"minecraft:oak_leaves":1},"minecraft:custom":{"minecraft:interact_with_furnace":5,"minecraft:mob_kills":15,"minecraft:interact_with_crafting_table":13,"minecraft:play_one_minute":33504,"minecraft:leave_game":3,"minecraft:time_since_death":33504,"minecraft:sleep_in_bed":3,"minecraft:time_since_rest":7948,"minecraft:sprint_one_cm":40137,"minecraft:damage_taken":215,"minecraft:walk_one_cm":91993,"minecraft:drop":4,"minecraft:damage_dealt":2137,"minecraft:fly_one_cm":82198,"minecraft:player_kills":1,"minecraft:crouch_one_cm":1376,"minecraft:sneak_time":744,"minecraft:walk_under_water_one_cm":72,"minecraft:jump":635,"minecraft:walk_on_water_one_cm":4836,"minecraft:fall_one_cm":17976}},"DataVersion":2586}